Date,Product,Quantity,Revenue,Region,Customer Type,Cost,Discounts,Profit,Year,Month,MonthName,Quarter
2023-01-01,Saffron Threads,3,3571,West,Retail,2194,17,1377,2023,1,Jan,1
2023-01-02,Organic Saffron,21,2241,South,Retail,578,5,1663,2023,1,Jan,1
2023-01-03,Premium Saffron,36,1194,North,Retail,836,4,358,2023,1,Jan,1
2023-01-04,Premium Saffron,41,4818,South,Retail,707,3,4111,2023,1,Jan,1
2023-01-05,Organic Saffron,20,914,East,Wholesale,1500,7,-586,2023,1,Jan,1
2023-01-06,Premium Saffron,8,4934,North,Wholesale,2344,19,2590,2023,1,Jan,1
2023-01-07,Saffron Powder,26,1148,East,Retail,2006,2,-858,2023,1,Jan,1
2023-01-08,Saffron Threads,15,4179,East,Wholesale,2280,14,1899,2023,1,Jan,1
2023-01-09,Saffron Powder,17,1056,East,Retail,663,2,393,2023,1,Jan,1
2023-01-10,Premium Saffron,9,853,South,Wholesale,1265,7,-412,2023,1,Jan,1
2023-01-11,Premium Saffron,29,3964,East,Retail,1874,13,2090,2023,1,Jan,1
2023-01-12,Premium Saffron,43,3443,West,Retail,1942,2,1501,2023,1,Jan,1
2023-01-13,Premium Saffron,7,3185,South,Retail,1151,8,2034,2023,1,Jan,1
2023-01-14,Organic Saffron,31,1668,East,Wholesale,1837,13,-169,2023,1,Jan,1
2023-01-15,Saffron Powder,28,2261,West,Retail,680,1,1581,2023,1,Jan,1
2023-01-16,Organic Saffron,35,3145,South,Wholesale,658,17,2487,2023,1,Jan,1
2023-01-17,Organic Saffron,4,1902,South,Wholesale,2529,6,-627,2023,1,Jan,1
2023-01-18,Organic Saffron,23,2052,East,Retail,1842,3,210,2023,1,Jan,1
2023-01-19,Premium Saffron,9,2859,West,Retail,286,0,2573,2023,1,Jan,1
2023-01-20,Saffron Threads,33,1646,West,Retail,2979,5,-1333,2023,1,Jan,1
2023-01-21,Organic Saffron,36,2167,North,Wholesale,300,13,1867,2023,1,Jan,1
2023-01-22,Saffron Powder,41,1715,North,Retail,2002,17,-287,2023,1,Jan,1
2023-01-23,Premium Saffron,46,1841,East,Retail,987,13,854,2023,1,Jan,1
2023-01-24,Organic Saffron,12,3805,North,Wholesale,800,12,3005,2023,1,Jan,1
2023-01-25,Premium Saffron,48,4099,North,Retail,653,14,3446,2023,1,Jan,1
2023-01-26,Premium Saffron,42,1509,North,Retail,2128,1,-619,2023,1,Jan,1
2023-01-27,Organic Saffron,31,4020,South,Wholesale,936,0,3084,2023,1,Jan,1
2023-01-28,Saffron Powder,10,1882,West,Wholesale,2689,17,-807,2023,1,Jan,1
2023-01-29,Organic Saffron,29,1908,North,Wholesale,2178,11,-270,2023,1,Jan,1
2023-01-30,Saffron Threads,18,2362,East,Retail,2947,14,-585,2023,1,Jan,1
2023-01-31,Saffron Threads,5,4995,West,Retail,2064,1,2931,2023,1,Jan,1
2023-02-01,Saffron Powder,27,2659,South,Retail,1537,0,1122,2023,2,Feb,1
2023-02-02,Organic Saffron,36,2541,East,Retail,548,8,1993,2023,2,Feb,1
2023-02-03,Organic Saffron,16,1806,East,Retail,408,9,1398,2023,2,Feb,1
2023-02-04,Saffron Threads,11,1593,South,Retail,2778,13,-1185,2023,2,Feb,1
2023-02-05,Saffron Threads,19,4240,South,Wholesale,656,5,3584,2023,2,Feb,1
2023-02-06,Organic Saffron,21,859,East,Wholesale,1420,4,-561,2023,2,Feb,1
2023-02-07,Saffron Threads,30,2214,West,Retail,2724,11,-510,2023,2,Feb,1
2023-02-08,Saffron Powder,28,4528,West,Retail,2652,10,1876,2023,2,Feb,1
2023-02-09,Saffron Powder,44,638,North,Retail,2397,4,-1759,2023,2,Feb,1
2023-02-10,Saffron Powder,10,4760,West,Retail,1307,5,3453,2023,2,Feb,1
2023-02-11,Premium Saffron,33,1889,North,Wholesale,726,6,1163,2023,2,Feb,1
2023-02-12,Saffron Threads,30,1612,North,Retail,1599,19,13,2023,2,Feb,1
2023-02-13,Saffron Powder,29,4948,West,Wholesale,2519,8,2429,2023,2,Feb,1
2023-02-14,Saffron Threads,1,4663,South,Retail,435,3,4228,2023,2,Feb,1
2023-02-15,Saffron Threads,9,2247,East,Wholesale,1911,1,336,2023,2,Feb,1
2023-02-16,Premium Saffron,15,2580,South,Wholesale,2265,3,315,2023,2,Feb,1
2023-02-17,Saffron Threads,29,2940,West,Retail,1460,7,1480,2023,2,Feb,1
2023-02-18,Saffron Threads,36,2198,West,Retail,2176,14,22,2023,2,Feb,1
2023-02-19,Premium Saffron,20,1091,South,Retail,2155,15,-1064,2023,2,Feb,1
2023-02-20,Saffron Threads,41,2071,North,Retail,566,15,1505,2023,2,Feb,1
2023-02-21,Premium Saffron,26,4977,South,Retail,701,11,4276,2023,2,Feb,1
2023-02-22,Premium Saffron,25,2744,West,Retail,434,3,2310,2023,2,Feb,1
2023-02-23,Organic Saffron,2,4892,East,Retail,2511,11,2381,2023,2,Feb,1
2023-02-24,Premium Saffron,11,3624,East,Retail,1019,19,2605,2023,2,Feb,1
2023-02-25,Organic Saffron,37,3535,East,Wholesale,2099,13,1436,2023,2,Feb,1
2023-02-26,Saffron Powder,2,3050,North,Retail,602,12,2448,2023,2,Feb,1
2023-02-27,Saffron Powder,20,4992,South,Retail,918,18,4074,2023,2,Feb,1
2023-02-28,Premium Saffron,29,2678,West,Retail,1302,3,1376,2023,2,Feb,1
2023-03-01,Premium Saffron,42,2165,East,Retail,2442,2,-277,2023,3,Mar,1
2023-03-02,Saffron Threads,23,3787,East,Retail,2093,13,1694,2023,3,Mar,1
2023-03-03,Saffron Powder,30,2359,West,Wholesale,1889,5,470,2023,3,Mar,1
2023-03-04,Saffron Powder,7,1253,North,Wholesale,2956,14,-1703,2023,3,Mar,1
2023-03-05,Saffron Powder,41,719,West,Retail,2832,15,-2113,2023,3,Mar,1
2023-03-06,Saffron Powder,13,2311,North,Wholesale,1584,9,727,2023,3,Mar,1
2023-03-07,Premium Saffron,36,4068,North,Wholesale,1625,7,2443,2023,3,Mar,1
2023-03-08,Saffron Threads,20,716,South,Wholesale,1301,4,-585,2023,3,Mar,1
2023-03-09,Organic Saffron,23,4571,West,Retail,1034,0,3537,2023,3,Mar,1
2023-03-10,Saffron Threads,31,2699,East,Retail,565,1,2134,2023,3,Mar,1
2023-03-11,Premium Saffron,27,3567,North,Retail,2965,19,602,2023,3,Mar,1
2023-03-12,Premium Saffron,8,4968,South,Retail,1477,1,3491,2023,3,Mar,1
2023-03-13,Organic Saffron,24,2336,West,Retail,1790,1,546,2023,3,Mar,1
2023-03-14,Saffron Threads,12,1687,North,Wholesale,2444,0,-757,2023,3,Mar,1
2023-03-15,Saffron Powder,23,3581,South,Retail,2427,1,1154,2023,3,Mar,1
2023-03-16,Saffron Powder,5,2104,North,Retail,1096,16,1008,2023,3,Mar,1
2023-03-17,Saffron Threads,35,4337,North,Wholesale,684,3,3653,2023,3,Mar,1
2023-03-18,Premium Saffron,31,4526,South,Retail,1305,18,3221,2023,3,Mar,1
2023-03-19,Premium Saffron,30,2131,North,Retail,2591,6,-460,2023,3,Mar,1
2023-03-20,Saffron Powder,37,620,West,Wholesale,2355,8,-1735,2023,3,Mar,1
2023-03-21,Saffron Threads,42,4233,North,Retail,2587,6,1646,2023,3,Mar,1
2023-03-22,Saffron Threads,5,3314,East,Wholesale,1112,18,2202,2023,3,Mar,1
2023-03-23,Premium Saffron,18,1436,West,Wholesale,892,3,544,2023,3,Mar,1
2023-03-24,Saffron Threads,40,502,East,Retail,351,3,151,2023,3,Mar,1
2023-03-25,Premium Saffron,6,3651,South,Wholesale,2063,11,1588,2023,3,Mar,1
2023-03-26,Saffron Powder,40,4859,South,Retail,2964,14,1895,2023,3,Mar,1
2023-03-27,Premium Saffron,33,4472,North,Retail,1683,4,2789,2023,3,Mar,1
2023-03-28,Saffron Threads,33,886,South,Retail,2682,15,-1796,2023,3,Mar,1
2023-03-29,Premium Saffron,32,4901,South,Retail,511,1,4390,2023,3,Mar,1
2023-03-30,Organic Saffron,18,2149,South,Wholesale,1155,14,994,2023,3,Mar,1
2023-03-31,Saffron Threads,18,2250,South,Wholesale,2861,13,-611,2023,3,Mar,1
2023-04-01,Saffron Powder,15,1501,South,Retail,1930,3,-429,2023,4,Apr,2
2023-04-02,Saffron Threads,40,1181,East,Wholesale,1411,11,-230,2023,4,Apr,2
2023-04-03,Premium Saffron,10,2156,North,Wholesale,1683,14,473,2023,4,Apr,2
2023-04-04,Premium Saffron,35,4850,North,Wholesale,2346,9,2504,2023,4,Apr,2
2023-04-05,Organic Saffron,16,3992,East,Wholesale,1066,14,2926,2023,4,Apr,2
2023-04-06,Saffron Threads,45,805,South,Wholesale,2481,17,-1676,2023,4,Apr,2
2023-04-07,Saffron Threads,28,4157,South,Wholesale,1657,11,2500,2023,4,Apr,2
2023-04-08,Organic Saffron,15,1328,North,Wholesale,1434,0,-106,2023,4,Apr,2
2023-04-09,Premium Saffron,2,4421,East,Wholesale,2603,8,1818,2023,4,Apr,2
2023-04-10,Saffron Powder,26,4162,East,Wholesale,2316,17,1846,2023,4,Apr,2
2023-04-11,Saffron Threads,25,1541,East,Wholesale,786,16,755,2023,4,Apr,2
2023-04-12,Premium Saffron,2,2806,North,Wholesale,1335,1,1471,2023,4,Apr,2
2023-04-13,Premium Saffron,27,603,West,Wholesale,2096,16,-1493,2023,4,Apr,2
2023-04-14,Premium Saffron,13,4744,West,Retail,2355,8,2389,2023,4,Apr,2
2023-04-15,Organic Saffron,7,4553,North,Retail,1716,19,2837,2023,4,Apr,2
2023-04-16,Organic Saffron,23,1038,East,Retail,816,13,222,2023,4,Apr,2
2023-04-17,Saffron Powder,14,1214,West,Wholesale,1289,11,-75,2023,4,Apr,2
2023-04-18,Saffron Powder,18,855,West,Retail,2178,0,-1323,2023,4,Apr,2
2023-04-19,Saffron Threads,36,2538,South,Retail,235,10,2303,2023,4,Apr,2
2023-04-20,Saffron Threads,49,1248,West,Retail,2868,1,-1620,2023,4,Apr,2
2023-04-21,Organic Saffron,32,3659,North,Retail,2415,2,1244,2023,4,Apr,2
2023-04-22,Organic Saffron,15,1058,South,Wholesale,505,4,553,2023,4,Apr,2
2023-04-23,Saffron Powder,21,2674,North,Wholesale,2567,16,107,2023,4,Apr,2
2023-04-24,Saffron Powder,48,1556,East,Wholesale,2833,18,-1277,2023,4,Apr,2
2023-04-25,Premium Saffron,10,1471,North,Wholesale,1841,13,-370,2023,4,Apr,2
2023-04-26,Premium Saffron,22,3168,West,Retail,2068,2,1100,2023,4,Apr,2
2023-04-27,Premium Saffron,41,3720,East,Retail,1035,4,2685,2023,4,Apr,2
2023-04-28,Saffron Powder,40,3950,East,Wholesale,2484,2,1466,2023,4,Apr,2
2023-04-29,Saffron Powder,15,3359,North,Wholesale,1650,6,1709,2023,4,Apr,2
2023-04-30,Saffron Powder,14,3141,North,Wholesale,490,4,2651,2023,4,Apr,2
2023-05-01,Premium Saffron,12,4361,East,Wholesale,2032,6,2329,2023,5,May,2
2023-05-02,Saffron Powder,32,2631,South,Retail,1575,17,1056,2023,5,May,2
2023-05-03,Saffron Powder,4,3165,South,Retail,1287,18,1878,2023,5,May,2
2023-05-04,Saffron Powder,22,1884,South,Wholesale,241,4,1643,2023,5,May,2
2023-05-05,Organic Saffron,6,1238,South,Wholesale,2325,1,-1087,2023,5,May,2
2023-05-06,Premium Saffron,12,1566,North,Retail,2213,19,-647,2023,5,May,2
2023-05-07,Saffron Powder,4,2323,South,Wholesale,2170,4,153,2023,5,May,2
2023-05-08,Organic Saffron,14,3704,West,Wholesale,2036,18,1668,2023,5,May,2
2023-05-09,Saffron Powder,42,3787,East,Retail,367,1,3420,2023,5,May,2
2023-05-10,Saffron Threads,20,1666,East,Retail,1372,11,294,2023,5,May,2
2023-05-11,Saffron Powder,43,570,North,Wholesale,2577,6,-2007,2023,5,May,2
2023-05-12,Premium Saffron,49,3243,West,Wholesale,1726,10,1517,2023,5,May,2
2023-05-13,Organic Saffron,36,4750,South,Retail,2326,1,2424,2023,5,May,2
2023-05-14,Saffron Powder,22,1797,West,Wholesale,1222,14,575,2023,5,May,2
2023-05-15,Saffron Threads,44,1558,North,Retail,479,13,1079,2023,5,May,2
2023-05-16,Premium Saffron,29,2428,West,Retail,2234,14,194,2023,5,May,2
2023-05-17,Saffron Powder,33,4662,North,Wholesale,1292,1,3370,2023,5,May,2
2023-05-18,Saffron Threads,6,4721,South,Wholesale,2302,5,2419,2023,5,May,2
2023-05-19,Saffron Powder,30,1225,West,Wholesale,1426,2,-201,2023,5,May,2
2023-05-20,Saffron Threads,31,2368,South,Wholesale,2527,19,-159,2023,5,May,2
2023-05-21,Saffron Threads,3,2470,South,Retail,1141,12,1329,2023,5,May,2
2023-05-22,Organic Saffron,48,4763,West,Retail,2315,16,2448,2023,5,May,2
2023-05-23,Saffron Threads,10,4611,West,Retail,1283,15,3328,2023,5,May,2
2023-05-24,Saffron Powder,41,1658,East,Wholesale,2775,15,-1117,2023,5,May,2
2023-05-25,Organic Saffron,24,2669,North,Retail,1800,11,869,2023,5,May,2
2023-05-26,Organic Saffron,29,1902,West,Wholesale,1704,17,198,2023,5,May,2
2023-05-27,Saffron Threads,37,1599,South,Wholesale,2891,4,-1292,2023,5,May,2
2023-05-28,Organic Saffron,11,3209,South,Retail,1850,16,1359,2023,5,May,2
2023-05-29,Saffron Powder,2,4400,South,Wholesale,2720,14,1680,2023,5,May,2
2023-05-30,Saffron Powder,32,4889,North,Wholesale,1264,16,3625,2023,5,May,2
2023-05-31,Saffron Powder,2,3863,East,Wholesale,2239,9,1624,2023,5,May,2
2023-06-01,Saffron Powder,12,2439,South,Wholesale,2493,1,-54,2023,6,Jun,2
2023-06-02,Premium Saffron,32,4593,West,Wholesale,2955,15,1638,2023,6,Jun,2
2023-06-03,Premium Saffron,3,1712,South,Retail,695,10,1017,2023,6,Jun,2
2023-06-04,Premium Saffron,22,2438,East,Wholesale,921,7,1517,2023,6,Jun,2
2023-06-05,Saffron Threads,25,1959,East,Wholesale,953,10,1006,2023,6,Jun,2
2023-06-06,Organic Saffron,21,1457,West,Retail,955,19,502,2023,6,Jun,2
2023-06-07,Saffron Powder,5,500,North,Wholesale,974,0,-474,2023,6,Jun,2
2023-06-08,Saffron Threads,22,4395,South,Retail,1567,8,2828,2023,6,Jun,2
2023-06-09,Saffron Powder,36,4342,West,Retail,428,2,3914,2023,6,Jun,2
2023-06-10,Saffron Powder,8,3171,West,Wholesale,352,14,2819,2023,6,Jun,2
2023-06-11,Organic Saffron,49,859,West,Wholesale,1117,2,-258,2023,6,Jun,2
2023-06-12,Saffron Powder,39,2230,West,Wholesale,515,5,1715,2023,6,Jun,2
2023-06-13,Saffron Threads,9,3178,East,Wholesale,911,16,2267,2023,6,Jun,2
2023-06-14,Saffron Threads,33,3399,East,Wholesale,1404,3,1995,2023,6,Jun,2
2023-06-15,Saffron Powder,7,2416,North,Wholesale,2572,19,-156,2023,6,Jun,2
2023-06-16,Saffron Threads,40,598,East,Wholesale,1733,0,-1135,2023,6,Jun,2
2023-06-17,Saffron Powder,8,1055,North,Retail,2818,5,-1763,2023,6,Jun,2
2023-06-18,Saffron Powder,32,2394,North,Wholesale,616,4,1778,2023,6,Jun,2
2023-06-19,Saffron Threads,23,1525,East,Wholesale,1458,6,67,2023,6,Jun,2
2023-06-20,Premium Saffron,24,4323,West,Wholesale,364,10,3959,2023,6,Jun,2
2023-06-21,Organic Saffron,17,1949,East,Retail,2786,14,-837,2023,6,Jun,2
2023-06-22,Saffron Powder,1,1356,South,Retail,2459,18,-1103,2023,6,Jun,2
2023-06-23,Saffron Powder,37,4099,North,Wholesale,2840,7,1259,2023,6,Jun,2
2023-06-24,Saffron Threads,14,3819,North,Retail,2785,3,1034,2023,6,Jun,2
2023-06-25,Premium Saffron,34,3393,North,Wholesale,2651,15,742,2023,6,Jun,2
2023-06-26,Saffron Powder,15,4598,South,Retail,826,14,3772,2023,6,Jun,2
2023-06-27,Saffron Powder,46,1950,South,Retail,2211,16,-261,2023,6,Jun,2
2023-06-28,Saffron Powder,36,1691,North,Wholesale,638,7,1053,2023,6,Jun,2
2023-06-29,Saffron Threads,44,1896,West,Retail,2667,19,-771,2023,6,Jun,2
2023-06-30,Saffron Powder,45,879,West,Wholesale,2231,7,-1352,2023,6,Jun,2
2023-07-01,Saffron Powder,8,1414,East,Wholesale,2809,5,-1395,2023,7,Jul,3
2023-07-02,Organic Saffron,29,4574,East,Wholesale,2024,19,2550,2023,7,Jul,3
2023-07-03,Organic Saffron,5,3122,North,Retail,1390,15,1732,2023,7,Jul,3
2023-07-04,Organic Saffron,47,2225,South,Wholesale,1342,0,883,2023,7,Jul,3
2023-07-05,Saffron Threads,19,4550,West,Retail,384,8,4166,2023,7,Jul,3
2023-07-06,Premium Saffron,40,4596,North,Wholesale,996,10,3600,2023,7,Jul,3
2023-07-07,Premium Saffron,28,4449,North,Wholesale,1741,11,2708,2023,7,Jul,3
2023-07-08,Organic Saffron,14,4715,East,Retail,1972,13,2743,2023,7,Jul,3
2023-07-09,Saffron Powder,17,3988,East,Retail,1848,5,2140,2023,7,Jul,3
2023-07-10,Organic Saffron,7,740,South,Wholesale,1441,17,-701,2023,7,Jul,3
2023-07-11,Premium Saffron,34,731,West,Wholesale,205,1,526,2023,7,Jul,3
2023-07-12,Organic Saffron,1,3272,West,Retail,354,13,2918,2023,7,Jul,3
2023-07-13,Organic Saffron,2,4937,North,Wholesale,963,7,3974,2023,7,Jul,3
2023-07-14,Organic Saffron,3,3813,South,Wholesale,954,12,2859,2023,7,Jul,3
2023-07-15,Organic Saffron,6,2769,North,Wholesale,2666,0,103,2023,7,Jul,3
2023-07-16,Saffron Powder,46,4306,North,Wholesale,348,17,3958,2023,7,Jul,3
2023-07-17,Premium Saffron,48,4274,South,Wholesale,2757,16,1517,2023,7,Jul,3
2023-07-18,Saffron Powder,11,2201,South,Wholesale,2859,2,-658,2023,7,Jul,3
2023-07-19,Saffron Powder,2,4824,East,Wholesale,1456,3,3368,2023,7,Jul,3
2023-07-20,Premium Saffron,2,1902,South,Retail,667,14,1235,2023,7,Jul,3
2023-07-21,Organic Saffron,48,2066,West,Wholesale,1917,1,149,2023,7,Jul,3
2023-07-22,Saffron Powder,12,2277,East,Retail,1934,19,343,2023,7,Jul,3
2023-07-23,Saffron Threads,4,3210,North,Wholesale,1040,3,2170,2023,7,Jul,3
2023-07-24,Saffron Powder,35,2931,South,Wholesale,1274,5,1657,2023,7,Jul,3
2023-07-25,Saffron Powder,35,952,East,Wholesale,1089,12,-137,2023,7,Jul,3
2023-07-26,Premium Saffron,37,1520,North,Wholesale,882,4,638,2023,7,Jul,3
2023-07-27,Saffron Powder,35,2897,East,Retail,2968,9,-71,2023,7,Jul,3
2023-07-28,Organic Saffron,9,599,West,Retail,2292,13,-1693,2023,7,Jul,3
2023-07-29,Saffron Threads,25,2233,North,Retail,2450,19,-217,2023,7,Jul,3
2023-07-30,Organic Saffron,38,2391,East,Retail,2027,15,364,2023,7,Jul,3
2023-07-31,Organic Saffron,13,3614,South,Retail,2649,14,965,2023,7,Jul,3
2023-08-01,Saffron Powder,29,1851,West,Retail,2764,1,-913,2023,8,Aug,3
2023-08-02,Organic Saffron,18,3228,East,Retail,765,10,2463,2023,8,Aug,3
2023-08-03,Saffron Powder,22,4771,South,Retail,2012,7,2759,2023,8,Aug,3
2023-08-04,Organic Saffron,4,1083,East,Retail,593,1,490,2023,8,Aug,3
2023-08-05,Saffron Powder,1,998,South,Retail,1440,14,-442,2023,8,Aug,3
2023-08-06,Premium Saffron,3,4845,South,Retail,940,8,3905,2023,8,Aug,3
2023-08-07,Saffron Threads,4,3484,East,Wholesale,991,14,2493,2023,8,Aug,3
2023-08-08,Saffron Powder,5,3746,East,Wholesale,2384,17,1362,2023,8,Aug,3
2023-08-09,Organic Saffron,44,3220,East,Wholesale,1200,2,2020,2023,8,Aug,3
2023-08-10,Saffron Threads,27,1800,East,Wholesale,488,14,1312,2023,8,Aug,3
2023-08-11,Saffron Threads,16,3464,South,Wholesale,1956,11,1508,2023,8,Aug,3
2023-08-12,Saffron Threads,36,1175,South,Wholesale,2630,18,-1455,2023,8,Aug,3
2023-08-13,Saffron Threads,33,3436,East,Wholesale,2326,12,1110,2023,8,Aug,3
2023-08-14,Saffron Powder,39,2240,East,Wholesale,356,7,1884,2023,8,Aug,3
2023-08-15,Organic Saffron,45,639,West,Retail,1398,8,-759,2023,8,Aug,3
2023-08-16,Saffron Powder,24,3007,West,Wholesale,1643,3,1364,2023,8,Aug,3
2023-08-17,Saffron Powder,12,3212,North,Wholesale,635,2,2577,2023,8,Aug,3
2023-08-18,Saffron Threads,30,1576,East,Wholesale,1711,11,-135,2023,8,Aug,3
2023-08-19,Organic Saffron,48,3617,North,Wholesale,2266,1,1351,2023,8,Aug,3
2023-08-20,Saffron Powder,45,3432,West,Retail,1067,1,2365,2023,8,Aug,3
2023-08-21,Premium Saffron,14,3796,South,Retail,2957,18,839,2023,8,Aug,3
2023-08-22,Saffron Threads,47,2507,East,Wholesale,2659,19,-152,2023,8,Aug,3
2023-08-23,Organic Saffron,23,4979,North,Wholesale,1283,2,3696,2023,8,Aug,3
2023-08-24,Premium Saffron,32,4822,East,Wholesale,607,15,4215,2023,8,Aug,3
2023-08-25,Premium Saffron,21,2813,North,Wholesale,2446,6,367,2023,8,Aug,3
2023-08-26,Organic Saffron,23,4928,North,Retail,2712,15,2216,2023,8,Aug,3
2023-08-27,Saffron Threads,31,4337,South,Retail,405,19,3932,2023,8,Aug,3
2023-08-28,Premium Saffron,18,2376,South,Wholesale,2699,0,-323,2023,8,Aug,3
2023-08-29,Premium Saffron,14,4134,East,Retail,2859,6,1275,2023,8,Aug,3
2023-08-30,Saffron Threads,39,4398,West,Retail,349,16,4049,2023,8,Aug,3
2023-08-31,Organic Saffron,27,4203,East,Retail,976,4,3227,2023,8,Aug,3
2023-09-01,Premium Saffron,9,2359,West,Wholesale,916,3,1443,2023,9,Sep,3
2023-09-02,Premium Saffron,24,1230,South,Wholesale,402,14,828,2023,9,Sep,3
2023-09-03,Organic Saffron,32,805,South,Wholesale,2293,17,-1488,2023,9,Sep,3
2023-09-04,Organic Saffron,39,2227,East,Retail,1510,2,717,2023,9,Sep,3
2023-09-05,Premium Saffron,24,4386,East,Wholesale,2941,5,1445,2023,9,Sep,3
2023-09-06,Saffron Powder,3,2872,South,Retail,1616,1,1256,2023,9,Sep,3
2023-09-07,Saffron Powder,34,3748,West,Wholesale,940,3,2808,2023,9,Sep,3
2023-09-08,Saffron Threads,29,4656,West,Retail,1210,14,3446,2023,9,Sep,3
2023-09-09,Premium Saffron,33,4482,North,Wholesale,2042,12,2440,2023,9,Sep,3
2023-09-10,Premium Saffron,41,1435,North,Wholesale,1268,11,167,2023,9,Sep,3
2023-09-11,Saffron Threads,11,2882,East,Retail,856,12,2026,2023,9,Sep,3
2023-09-12,Saffron Powder,2,2567,South,Wholesale,2020,10,547,2023,9,Sep,3
2023-09-13,Premium Saffron,24,4633,North,Retail,977,17,3656,2023,9,Sep,3
2023-09-14,Saffron Powder,23,1874,East,Retail,1281,18,593,2023,9,Sep,3
2023-09-15,Saffron Powder,24,2659,South,Retail,625,16,2034,2023,9,Sep,3
2023-09-16,Saffron Powder,27,4311,South,Wholesale,573,13,3738,2023,9,Sep,3
2023-09-17,Organic Saffron,30,2812,North,Wholesale,1110,15,1702,2023,9,Sep,3
2023-09-18,Organic Saffron,2,3304,West,Wholesale,2555,4,749,2023,9,Sep,3
2023-09-19,Organic Saffron,47,1853,South,Retail,468,10,1385,2023,9,Sep,3
2023-09-20,Premium Saffron,46,2087,North,Wholesale,1372,8,715,2023,9,Sep,3
2023-09-21,Premium Saffron,24,3703,West,Wholesale,2297,9,1406,2023,9,Sep,3
2023-09-22,Premium Saffron,28,4703,East,Wholesale,1970,5,2733,2023,9,Sep,3
2023-09-23,Saffron Powder,12,3490,East,Retail,1026,18,2464,2023,9,Sep,3
2023-09-24,Saffron Powder,25,2464,West,Wholesale,2835,13,-371,2023,9,Sep,3
2023-09-25,Premium Saffron,26,697,North,Retail,551,11,146,2023,9,Sep,3
2023-09-26,Saffron Powder,48,2882,East,Retail,2059,13,823,2023,9,Sep,3
2023-09-27,Organic Saffron,39,1927,East,Wholesale,482,2,1445,2023,9,Sep,3
2023-09-28,Saffron Powder,19,1382,West,Wholesale,645,5,737,2023,9,Sep,3
2023-09-29,Organic Saffron,7,3737,South,Retail,2183,9,1554,2023,9,Sep,3
2023-09-30,Premium Saffron,16,4187,South,Retail,715,8,3472,2023,9,Sep,3
2023-10-01,Saffron Powder,47,1881,South,Wholesale,1554,6,327,2023,10,Oct,4
2023-10-02,Saffron Powder,39,1604,West,Wholesale,1261,17,343,2023,10,Oct,4
2023-10-03,Premium Saffron,38,714,East,Retail,1543,7,-829,2023,10,Oct,4
2023-10-04,Organic Saffron,29,1437,North,Retail,2642,6,-1205,2023,10,Oct,4
2023-10-05,Premium Saffron,46,798,West,Wholesale,1223,3,-425,2023,10,Oct,4
2023-10-06,Saffron Threads,2,1417,South,Retail,944,14,473,2023,10,Oct,4
2023-10-07,Organic Saffron,47,601,West,Wholesale,2869,2,-2268,2023,10,Oct,4
2023-10-08,Saffron Powder,27,1748,South,Wholesale,1948,16,-200,2023,10,Oct,4
2023-10-09,Saffron Powder,7,4992,East,Wholesale,1342,17,3650,2023,10,Oct,4
2023-10-10,Saffron Powder,42,3175,South,Wholesale,1506,3,1669,2023,10,Oct,4
2023-10-11,Saffron Threads,48,4154,East,Retail,672,9,3482,2023,10,Oct,4
2023-10-12,Organic Saffron,23,1239,South,Wholesale,1613,13,-374,2023,10,Oct,4
2023-10-13,Premium Saffron,11,2509,South,Wholesale,2731,2,-222,2023,10,Oct,4
2023-10-14,Saffron Threads,9,2583,South,Retail,2380,13,203,2023,10,Oct,4
2023-10-15,Saffron Threads,43,4308,East,Wholesale,2488,4,1820,2023,10,Oct,4
2023-10-16,Premium Saffron,1,3400,West,Wholesale,279,0,3121,2023,10,Oct,4
2023-10-17,Saffron Powder,22,3257,South,Wholesale,1931,10,1326,2023,10,Oct,4
2023-10-18,Premium Saffron,43,2994,East,Wholesale,393,14,2601,2023,10,Oct,4
2023-10-19,Organic Saffron,45,4389,South,Retail,623,8,3766,2023,10,Oct,4
2023-10-20,Organic Saffron,38,4648,East,Wholesale,1832,16,2816,2023,10,Oct,4
2023-10-21,Premium Saffron,12,1439,South,Retail,2443,2,-1004,2023,10,Oct,4
2023-10-22,Premium Saffron,47,3813,East,Retail,590,15,3223,2023,10,Oct,4
2023-10-23,Saffron Powder,17,2788,North,Wholesale,546,6,2242,2023,10,Oct,4
2023-10-24,Saffron Threads,28,2392,South,Retail,2732,17,-340,2023,10,Oct,4
2023-10-25,Organic Saffron,22,2084,South,Retail,1425,0,659,2023,10,Oct,4
2023-10-26,Premium Saffron,1,2975,West,Retail,743,13,2232,2023,10,Oct,4
2023-10-27,Premium Saffron,17,2306,West,Wholesale,1979,1,327,2023,10,Oct,4
2023-10-28,Saffron Powder,9,1346,East,Retail,431,14,915,2023,10,Oct,4
2023-10-29,Organic Saffron,30,2188,West,Wholesale,2535,4,-347,2023,10,Oct,4
2023-10-30,Saffron Threads,21,2382,South,Retail,351,11,2031,2023,10,Oct,4
2023-10-31,Saffron Threads,32,1331,North,Wholesale,951,16,380,2023,10,Oct,4
2023-11-01,Saffron Powder,46,2413,North,Wholesale,628,18,1785,2023,11,Nov,4
2023-11-02,Saffron Threads,9,1270,South,Wholesale,915,17,355,2023,11,Nov,4
2023-11-03,Saffron Powder,32,2450,South,Retail,206,6,2244,2023,11,Nov,4
2023-11-04,Premium Saffron,44,1660,East,Wholesale,1885,14,-225,2023,11,Nov,4
2023-11-05,Premium Saffron,4,2517,South,Wholesale,1539,4,978,2023,11,Nov,4
2023-11-06,Premium Saffron,34,2658,North,Wholesale,1208,11,1450,2023,11,Nov,4
2023-11-07,Premium Saffron,3,3804,West,Retail,1742,8,2062,2023,11,Nov,4
2023-11-08,Premium Saffron,5,1658,North,Retail,2306,15,-648,2023,11,Nov,4
2023-11-09,Saffron Powder,28,1525,South,Wholesale,1381,12,144,2023,11,Nov,4
2023-11-10,Saffron Threads,3,1234,West,Wholesale,529,4,705,2023,11,Nov,4
2023-11-11,Saffron Threads,10,1792,South,Retail,2195,8,-403,2023,11,Nov,4
2023-11-12,Saffron Threads,35,2455,South,Retail,327,2,2128,2023,11,Nov,4
2023-11-13,Premium Saffron,20,616,East,Wholesale,2148,3,-1532,2023,11,Nov,4
2023-11-14,Premium Saffron,24,1526,South,Wholesale,2470,13,-944,2023,11,Nov,4
2023-11-15,Saffron Threads,9,3272,West,Wholesale,1499,18,1773,2023,11,Nov,4
2023-11-16,Saffron Powder,23,1273,South,Wholesale,2717,12,-1444,2023,11,Nov,4
2023-11-17,Saffron Threads,28,1923,West,Wholesale,2284,7,-361,2023,11,Nov,4
2023-11-18,Premium Saffron,49,4581,West,Wholesale,956,15,3625,2023,11,Nov,4
2023-11-19,Saffron Powder,19,3369,East,Wholesale,1262,2,2107,2023,11,Nov,4
2023-11-20,Premium Saffron,4,2581,South,Wholesale,1041,12,1540,2023,11,Nov,4
2023-11-21,Organic Saffron,39,4203,East,Wholesale,1547,2,2656,2023,11,Nov,4
2023-11-22,Organic Saffron,46,2772,East,Wholesale,261,19,2511,2023,11,Nov,4
2023-11-23,Organic Saffron,8,1537,West,Retail,1871,15,-334,2023,11,Nov,4
2023-11-24,Organic Saffron,11,3735,West,Wholesale,2312,7,1423,2023,11,Nov,4
2023-11-25,Saffron Powder,41,1870,North,Wholesale,983,6,887,2023,11,Nov,4
2023-11-26,Organic Saffron,13,3886,East,Retail,2318,19,1568,2023,11,Nov,4
2023-11-27,Premium Saffron,1,2097,East,Wholesale,2438,3,-341,2023,11,Nov,4
2023-11-28,Saffron Threads,22,2746,West,Wholesale,2294,8,452,2023,11,Nov,4
2023-11-29,Premium Saffron,24,4700,East,Wholesale,879,1,3821,2023,11,Nov,4
2023-11-30,Premium Saffron,19,4669,North,Wholesale,991,10,3678,2023,11,Nov,4
2023-12-01,Saffron Powder,7,3102,East,Retail,593,3,2509,2023,12,Dec,4
2023-12-02,Saffron Threads,46,2115,South,Wholesale,724,3,1391,2023,12,Dec,4
2023-12-03,Organic Saffron,23,2210,North,Wholesale,2081,16,129,2023,12,Dec,4
2023-12-04,Saffron Powder,47,3277,East,Retail,1266,16,2011,2023,12,Dec,4
2023-12-05,Saffron Powder,41,2016,South,Wholesale,1953,5,63,2023,12,Dec,4
2023-12-06,Saffron Powder,23,2903,East,Wholesale,579,2,2324,2023,12,Dec,4
2023-12-07,Premium Saffron,39,4217,North,Wholesale,1334,19,2883,2023,12,Dec,4
2023-12-08,Organic Saffron,30,2999,East,Wholesale,2281,16,718,2023,12,Dec,4
2023-12-09,Saffron Powder,32,3016,West,Retail,963,0,2053,2023,12,Dec,4
2023-12-10,Premium Saffron,48,1550,West,Wholesale,1065,17,485,2023,12,Dec,4
2023-12-11,Premium Saffron,45,2486,East,Retail,2650,15,-164,2023,12,Dec,4
2023-12-12,Saffron Powder,45,3334,South,Retail,2211,15,1123,2023,12,Dec,4
2023-12-13,Saffron Threads,26,1048,West,Retail,1432,3,-384,2023,12,Dec,4
2023-12-14,Saffron Powder,7,1118,North,Retail,1201,4,-83,2023,12,Dec,4
2023-12-15,Organic Saffron,33,2088,South,Retail,707,10,1381,2023,12,Dec,4
2023-12-16,Premium Saffron,5,4085,West,Wholesale,857,14,3228,2023,12,Dec,4
2023-12-17,Saffron Threads,17,3838,North,Wholesale,1813,4,2025,2023,12,Dec,4
2023-12-18,Saffron Powder,4,1586,West,Retail,2178,7,-592,2023,12,Dec,4
2023-12-19,Premium Saffron,39,3685,East,Wholesale,2761,1,924,2023,12,Dec,4
2023-12-20,Premium Saffron,48,2534,North,Wholesale,934,0,1600,2023,12,Dec,4
2023-12-21,Saffron Powder,35,2638,South,Retail,1452,4,1186,2023,12,Dec,4
2023-12-22,Premium Saffron,27,2493,North,Retail,2922,19,-429,2023,12,Dec,4
2023-12-23,Premium Saffron,41,2346,West,Wholesale,2658,5,-312,2023,12,Dec,4
2023-12-24,Premium Saffron,47,3516,South,Retail,2479,0,1037,2023,12,Dec,4
2023-12-25,Premium Saffron,46,1499,North,Wholesale,2754,2,-1255,2023,12,Dec,4
2023-12-26,Premium Saffron,13,4371,South,Retail,398,7,3973,2023,12,Dec,4
2023-12-27,Premium Saffron,42,1153,North,Retail,2583,14,-1430,2023,12,Dec,4
2023-12-28,Organic Saffron,49,4045,North,Wholesale,422,16,3623,2023,12,Dec,4
2023-12-29,Saffron Powder,44,3664,North,Retail,696,2,2968,2023,12,Dec,4
2023-12-30,Saffron Threads,46,4463,West,Retail,2273,13,2190,2023,12,Dec,4
2023-12-31,Saffron Threads,6,2755,West,Retail,1776,4,979,2023,12,Dec,4
2024-01-01,Organic Saffron,1,854,South,Wholesale,2600,17,-1746,2024,1,Jan,1
2024-01-02,Organic Saffron,24,2372,West,Wholesale,1050,17,1322,2024,1,Jan,1
2024-01-03,Organic Saffron,43,1719,North,Wholesale,1223,1,496,2024,1,Jan,1
2024-01-04,Saffron Powder,2,1021,South,Wholesale,1813,1,-792,2024,1,Jan,1
2024-01-05,Premium Saffron,47,4984,East,Wholesale,2699,17,2285,2024,1,Jan,1
2024-01-06,Premium Saffron,3,4182,East,Wholesale,2623,18,1559,2024,1,Jan,1
2024-01-07,Saffron Powder,8,4430,West,Retail,2683,19,1747,2024,1,Jan,1
2024-01-08,Saffron Powder,22,3728,East,Retail,2476,15,1252,2024,1,Jan,1
2024-01-09,Premium Saffron,5,4662,North,Wholesale,2322,0,2340,2024,1,Jan,1
2024-01-10,Organic Saffron,27,1457,East,Retail,2697,7,-1240,2024,1,Jan,1
2024-01-11,Organic Saffron,11,4655,East,Retail,1802,8,2853,2024,1,Jan,1
2024-01-12,Premium Saffron,4,4484,South,Wholesale,1261,4,3223,2024,1,Jan,1
2024-01-13,Saffron Powder,10,3094,West,Wholesale,2726,17,368,2024,1,Jan,1
2024-01-14,Premium Saffron,2,4381,East,Wholesale,2974,2,1407,2024,1,Jan,1
2024-01-15,Organic Saffron,14,2410,North,Retail,720,2,1690,2024,1,Jan,1
2024-01-16,Saffron Powder,11,4965,East,Retail,2994,5,1971,2024,1,Jan,1
2024-01-17,Organic Saffron,9,1048,South,Wholesale,2007,19,-959,2024,1,Jan,1
2024-01-18,Saffron Threads,40,2789,South,Wholesale,1314,2,1475,2024,1,Jan,1
2024-01-19,Saffron Threads,30,3610,North,Retail,1750,11,1860,2024,1,Jan,1
2024-01-20,Premium Saffron,34,1932,South,Retail,1237,13,695,2024,1,Jan,1
2024-01-21,Saffron Threads,32,2298,South,Retail,852,10,1446,2024,1,Jan,1
2024-01-22,Organic Saffron,14,3072,East,Wholesale,479,8,2593,2024,1,Jan,1
2024-01-23,Saffron Threads,25,4854,East,Retail,525,16,4329,2024,1,Jan,1
2024-01-24,Saffron Powder,11,1253,South,Retail,2468,0,-1215,2024,1,Jan,1
2024-01-25,Saffron Threads,32,4359,East,Wholesale,1044,17,3315,2024,1,Jan,1
2024-01-26,Organic Saffron,3,1591,South,Retail,619,1,972,2024,1,Jan,1
2024-01-27,Saffron Powder,38,930,West,Wholesale,2028,12,-1098,2024,1,Jan,1
2024-01-28,Premium Saffron,17,2587,West,Wholesale,514,13,2073,2024,1,Jan,1
2024-01-29,Saffron Powder,28,2978,West,Wholesale,715,0,2263,2024,1,Jan,1
2024-01-30,Saffron Threads,30,2691,North,Retail,581,18,2110,2024,1,Jan,1
2024-01-31,Premium Saffron,47,3276,North,Retail,287,4,2989,2024,1,Jan,1
2024-02-01,Saffron Threads,42,3896,West,Retail,1883,18,2013,2024,2,Feb,1
2024-02-02,Saffron Threads,8,1069,West,Retail,2520,13,-1451,2024,2,Feb,1
2024-02-03,Saffron Powder,21,2630,South,Wholesale,637,0,1993,2024,2,Feb,1
2024-02-04,Organic Saffron,8,3830,West,Retail,2815,5,1015,2024,2,Feb,1
2024-02-05,Premium Saffron,23,2283,North,Retail,264,10,2019,2024,2,Feb,1
2024-02-06,Premium Saffron,29,2433,North,Retail,1109,18,1324,2024,2,Feb,1
2024-02-07,Premium Saffron,4,4239,West,Wholesale,1316,0,2923,2024,2,Feb,1
2024-02-08,Organic Saffron,32,1491,North,Wholesale,1153,10,338,2024,2,Feb,1
2024-02-09,Saffron Powder,46,1790,North,Wholesale,1364,16,426,2024,2,Feb,1
2024-02-10,Saffron Threads,38,3254,West,Retail,619,8,2635,2024,2,Feb,1
2024-02-11,Saffron Threads,8,2625,South,Retail,1610,17,1015,2024,2,Feb,1
2024-02-12,Premium Saffron,20,1179,North,Wholesale,824,3,355,2024,2,Feb,1
2024-02-13,Organic Saffron,27,3402,North,Retail,692,1,2710,2024,2,Feb,1
2024-02-14,Saffron Powder,1,1684,West,Retail,1803,7,-119,2024,2,Feb,1
2024-02-15,Saffron Threads,32,2684,West,Retail,983,16,1701,2024,2,Feb,1
2024-02-16,Saffron Powder,41,2698,North,Wholesale,1804,12,894,2024,2,Feb,1
2024-02-17,Saffron Threads,11,1680,South,Wholesale,2923,4,-1243,2024,2,Feb,1
2024-02-18,Saffron Powder,17,1926,East,Retail,229,17,1697,2024,2,Feb,1
2024-02-19,Premium Saffron,17,4898,South,Wholesale,1103,12,3795,2024,2,Feb,1
2024-02-20,Organic Saffron,21,3019,North,Wholesale,2947,5,72,2024,2,Feb,1
2024-02-21,Saffron Threads,2,2340,South,Retail,2785,19,-445,2024,2,Feb,1
2024-02-22,Premium Saffron,18,760,North,Wholesale,1477,9,-717,2024,2,Feb,1
2024-02-23,Saffron Powder,20,1694,North,Wholesale,409,9,1285,2024,2,Feb,1
2024-02-24,Saffron Powder,12,2514,West,Wholesale,2857,19,-343,2024,2,Feb,1
2024-02-25,Organic Saffron,25,2132,South,Retail,651,9,1481,2024,2,Feb,1
2024-02-26,Saffron Threads,34,4135,North,Retail,300,9,3835,2024,2,Feb,1
2024-02-27,Saffron Threads,39,3382,West,Retail,1142,12,2240,2024,2,Feb,1
2024-02-28,Saffron Powder,40,4211,East,Retail,788,10,3423,2024,2,Feb,1
2024-02-29,Premium Saffron,7,3178,East,Retail,235,14,2943,2024,2,Feb,1
2024-03-01,Saffron Powder,17,897,West,Retail,736,6,161,2024,3,Mar,1
2024-03-02,Premium Saffron,14,3163,South,Wholesale,2235,18,928,2024,3,Mar,1
2024-03-03,Organic Saffron,45,1558,South,Wholesale,1295,14,263,2024,3,Mar,1
2024-03-04,Saffron Threads,18,4289,East,Wholesale,2335,9,1954,2024,3,Mar,1
2024-03-05,Premium Saffron,5,3012,North,Wholesale,542,7,2470,2024,3,Mar,1
2024-03-06,Saffron Threads,9,1935,South,Retail,1132,15,803,2024,3,Mar,1
2024-03-07,Saffron Threads,33,3293,East,Retail,2721,0,572,2024,3,Mar,1
2024-03-08,Saffron Powder,22,3439,South,Retail,977,14,2462,2024,3,Mar,1
2024-03-09,Premium Saffron,26,3916,East,Retail,220,10,3696,2024,3,Mar,1
2024-03-10,Organic Saffron,25,2313,West,Wholesale,1616,12,697,2024,3,Mar,1
2024-03-11,Organic Saffron,37,2468,East,Retail,417,2,2051,2024,3,Mar,1
2024-03-12,Premium Saffron,25,2532,East,Wholesale,1290,14,1242,2024,3,Mar,1
2024-03-13,Organic Saffron,18,2321,East,Wholesale,774,11,1547,2024,3,Mar,1
2024-03-14,Saffron Threads,6,4848,North,Retail,2807,4,2041,2024,3,Mar,1
2024-03-15,Saffron Threads,21,3230,East,Wholesale,1228,5,2002,2024,3,Mar,1
2024-03-16,Saffron Powder,15,2027,South,Retail,448,4,1579,2024,3,Mar,1
2024-03-17,Premium Saffron,23,4489,South,Wholesale,1438,16,3051,2024,3,Mar,1
2024-03-18,Saffron Powder,36,3909,South,Wholesale,962,14,2947,2024,3,Mar,1
2024-03-19,Organic Saffron,22,3381,North,Wholesale,1469,0,1912,2024,3,Mar,1
2024-03-20,Saffron Threads,22,4851,East,Wholesale,2623,14,2228,2024,3,Mar,1
2024-03-21,Saffron Powder,18,3771,South,Wholesale,479,19,3292,2024,3,Mar,1
2024-03-22,Saffron Threads,29,3449,East,Retail,2123,11,1326,2024,3,Mar,1
2024-03-23,Organic Saffron,40,1448,South,Wholesale,1646,16,-198,2024,3,Mar,1
2024-03-24,Premium Saffron,13,3547,South,Wholesale,2872,5,675,2024,3,Mar,1
2024-03-25,Saffron Threads,45,2742,West,Wholesale,2063,13,679,2024,3,Mar,1
2024-03-26,Premium Saffron,31,4588,South,Retail,2938,19,1650,2024,3,Mar,1
2024-03-27,Organic Saffron,33,4751,West,Wholesale,1992,6,2759,2024,3,Mar,1
2024-03-28,Premium Saffron,10,3676,North,Wholesale,2390,11,1286,2024,3,Mar,1
2024-03-29,Saffron Threads,45,545,South,Retail,1267,6,-722,2024,3,Mar,1
2024-03-30,Organic Saffron,4,2407,East,Wholesale,212,5,2195,2024,3,Mar,1
2024-03-31,Saffron Powder,38,704,North,Retail,1707,6,-1003,2024,3,Mar,1
2024-04-01,Saffron Threads,40,1207,South,Retail,2260,0,-1053,2024,4,Apr,2
2024-04-02,Organic Saffron,1,2381,South,Retail,1997,9,384,2024,4,Apr,2
2024-04-03,Saffron Threads,25,2891,East,Retail,2739,6,152,2024,4,Apr,2
2024-04-04,Organic Saffron,18,1545,West,Retail,1451,17,94,2024,4,Apr,2
2024-04-05,Organic Saffron,34,3035,East,Retail,524,6,2511,2024,4,Apr,2
2024-04-06,Saffron Threads,22,2602,East,Retail,1254,17,1348,2024,4,Apr,2
2024-04-07,Saffron Powder,11,3544,North,Retail,1804,3,1740,2024,4,Apr,2
2024-04-08,Organic Saffron,38,4341,North,Wholesale,422,11,3919,2024,4,Apr,2
2024-04-09,Saffron Threads,41,2618,North,Retail,1320,16,1298,2024,4,Apr,2
2024-04-10,Saffron Threads,48,2008,South,Wholesale,2915,0,-907,2024,4,Apr,2
2024-04-11,Saffron Powder,18,3405,South,Retail,2965,13,440,2024,4,Apr,2
2024-04-12,Saffron Threads,19,1068,West,Retail,743,16,325,2024,4,Apr,2
2024-04-13,Saffron Threads,48,1856,South,Wholesale,2348,19,-492,2024,4,Apr,2
2024-04-14,Organic Saffron,17,4941,North,Wholesale,2229,12,2712,2024,4,Apr,2
2024-04-15,Premium Saffron,24,3640,North,Retail,1909,14,1731,2024,4,Apr,2
2024-04-16,Premium Saffron,29,2634,South,Wholesale,2626,6,8,2024,4,Apr,2
2024-04-17,Organic Saffron,22,4303,North,Wholesale,1908,6,2395,2024,4,Apr,2
2024-04-18,Saffron Threads,38,1550,South,Wholesale,522,18,1028,2024,4,Apr,2
2024-04-19,Organic Saffron,38,1883,South,Retail,1585,12,298,2024,4,Apr,2
2024-04-20,Saffron Threads,14,2969,South,Retail,2092,4,877,2024,4,Apr,2
2024-04-21,Organic Saffron,6,1227,South,Retail,223,8,1004,2024,4,Apr,2
2024-04-22,Organic Saffron,23,4503,North,Retail,1348,4,3155,2024,4,Apr,2
2024-04-23,Saffron Powder,28,1372,West,Retail,1954,16,-582,2024,4,Apr,2
2024-04-24,Organic Saffron,25,4854,East,Wholesale,2685,17,2169,2024,4,Apr,2
2024-04-25,Premium Saffron,47,1278,East,Wholesale,1486,5,-208,2024,4,Apr,2
2024-04-26,Saffron Threads,5,1100,North,Retail,2167,8,-1067,2024,4,Apr,2
2024-04-27,Premium Saffron,3,3386,East,Wholesale,961,3,2425,2024,4,Apr,2
2024-04-28,Organic Saffron,28,4008,South,Wholesale,238,12,3770,2024,4,Apr,2
2024-04-29,Saffron Powder,27,4808,East,Wholesale,2012,7,2796,2024,4,Apr,2
2024-04-30,Saffron Powder,21,1905,East,Retail,2563,5,-658,2024,4,Apr,2
2024-05-01,Saffron Powder,36,1517,East,Retail,2527,3,-1010,2024,5,May,2
2024-05-02,Saffron Powder,35,3664,West,Wholesale,1081,11,2583,2024,5,May,2
2024-05-03,Saffron Powder,35,3960,West,Wholesale,861,7,3099,2024,5,May,2
2024-05-04,Saffron Powder,25,4559,East,Wholesale,1072,4,3487,2024,5,May,2
2024-05-05,Premium Saffron,1,2388,North,Retail,671,0,1717,2024,5,May,2
2024-05-06,Premium Saffron,43,1900,South,Retail,1214,1,686,2024,5,May,2
2024-05-07,Organic Saffron,46,4779,East,Wholesale,1661,12,3118,2024,5,May,2
2024-05-08,Saffron Threads,41,4932,North,Retail,1806,8,3126,2024,5,May,2
2024-05-09,Organic Saffron,15,1688,East,Wholesale,2203,0,-515,2024,5,May,2
2024-05-10,Premium Saffron,18,2289,West,Wholesale,2960,11,-671,2024,5,May,2
2024-05-11,Saffron Threads,34,4688,West,Retail,1819,0,2869,2024,5,May,2
2024-05-12,Premium Saffron,33,677,East,Retail,1070,8,-393,2024,5,May,2
2024-05-13,Organic Saffron,20,1870,East,Wholesale,1483,2,387,2024,5,May,2
2024-05-14,Organic Saffron,41,2542,South,Wholesale,1818,7,724,2024,5,May,2
2024-05-15,Saffron Powder,25,2590,South,Retail,497,3,2093,2024,5,May,2
2024-05-16,Premium Saffron,11,1357,South,Retail,2659,4,-1302,2024,5,May,2
2024-05-17,Premium Saffron,21,3069,North,Retail,1404,18,1665,2024,5,May,2
2024-05-18,Saffron Powder,22,3734,West,Retail,2469,1,1265,2024,5,May,2
2024-05-19,Organic Saffron,41,3152,North,Retail,396,6,2756,2024,5,May,2
2024-05-20,Saffron Powder,12,4566,East,Wholesale,1587,10,2979,2024,5,May,2
2024-05-21,Premium Saffron,49,530,North,Wholesale,2761,4,-2231,2024,5,May,2
2024-05-22,Saffron Powder,39,1038,South,Retail,2581,8,-1543,2024,5,May,2
2024-05-23,Saffron Threads,17,669,East,Retail,302,3,367,2024,5,May,2
2024-05-24,Organic Saffron,8,2400,West,Retail,2468,18,-68,2024,5,May,2
2024-05-25,Saffron Threads,28,3291,West,Retail,1149,6,2142,2024,5,May,2
2024-05-26,Saffron Powder,24,2480,North,Retail,1738,9,742,2024,5,May,2
2024-05-27,Premium Saffron,29,2241,East,Retail,2025,3,216,2024,5,May,2
2024-05-28,Saffron Threads,47,4791,West,Retail,2269,11,2522,2024,5,May,2
2024-05-29,Premium Saffron,4,4624,South,Wholesale,2416,9,2208,2024,5,May,2
2024-05-30,Saffron Threads,33,1079,South,Wholesale,1178,6,-99,2024,5,May,2
2024-05-31,Saffron Threads,17,4290,South,Wholesale,1044,5,3246,2024,5,May,2
2024-06-01,Saffron Threads,16,539,South,Retail,2338,14,-1799,2024,6,Jun,2
2024-06-02,Organic Saffron,44,3507,West,Wholesale,2361,16,1146,2024,6,Jun,2
2024-06-03,Organic Saffron,8,3457,West,Wholesale,664,18,2793,2024,6,Jun,2
2024-06-04,Saffron Powder,3,3056,North,Wholesale,1755,17,1301,2024,6,Jun,2
2024-06-05,Saffron Powder,49,1552,East,Wholesale,1322,4,230,2024,6,Jun,2
2024-06-06,Premium Saffron,8,1296,East,Retail,2295,18,-999,2024,6,Jun,2
2024-06-07,Organic Saffron,6,4952,West,Wholesale,2432,15,2520,2024,6,Jun,2
2024-06-08,Premium Saffron,21,4688,East,Retail,1680,17,3008,2024,6,Jun,2
2024-06-09,Organic Saffron,48,4485,South,Wholesale,1489,11,2996,2024,6,Jun,2
2024-06-10,Saffron Threads,30,3334,North,Wholesale,2021,18,1313,2024,6,Jun,2
2024-06-11,Organic Saffron,10,4753,West,Retail,2898,17,1855,2024,6,Jun,2
2024-06-12,Premium Saffron,29,1101,South,Wholesale,1930,11,-829,2024,6,Jun,2
2024-06-13,Saffron Powder,25,3458,North,Retail,1391,5,2067,2024,6,Jun,2
2024-06-14,Premium Saffron,9,2204,East,Wholesale,1205,14,999,2024,6,Jun,2
2024-06-15,Saffron Threads,26,3318,South,Wholesale,2383,9,935,2024,6,Jun,2
2024-06-16,Premium Saffron,43,4632,South,Retail,1903,16,2729,2024,6,Jun,2
2024-06-17,Premium Saffron,28,4122,North,Retail,2158,5,1964,2024,6,Jun,2
2024-06-18,Premium Saffron,14,988,South,Retail,1997,10,-1009,2024,6,Jun,2
2024-06-19,Premium Saffron,32,2282,East,Wholesale,995,3,1287,2024,6,Jun,2
2024-06-20,Organic Saffron,13,1517,North,Retail,448,7,1069,2024,6,Jun,2
2024-06-21,Saffron Threads,38,4610,West,Retail,2513,8,2097,2024,6,Jun,2
2024-06-22,Saffron Powder,34,1027,North,Wholesale,2095,11,-1068,2024,6,Jun,2
2024-06-23,Premium Saffron,43,2446,East,Retail,421,8,2025,2024,6,Jun,2
2024-06-24,Organic Saffron,16,4861,East,Retail,454,0,4407,2024,6,Jun,2
2024-06-25,Saffron Threads,5,4982,West,Retail,2423,0,2559,2024,6,Jun,2
2024-06-26,Saffron Powder,49,4526,East,Wholesale,2954,7,1572,2024,6,Jun,2
2024-06-27,Saffron Powder,47,1619,South,Retail,1474,4,145,2024,6,Jun,2
2024-06-28,Saffron Threads,28,3296,South,Retail,1824,3,1472,2024,6,Jun,2
2024-06-29,Organic Saffron,44,4395,South,Wholesale,2568,5,1827,2024,6,Jun,2
2024-06-30,Saffron Powder,34,2441,North,Retail,2986,13,-545,2024,6,Jun,2
2024-07-01,Organic Saffron,28,2959,North,Wholesale,750,3,2209,2024,7,Jul,3
2024-07-02,Saffron Powder,12,1471,South,Retail,1244,0,227,2024,7,Jul,3
2024-07-03,Saffron Threads,34,1453,East,Wholesale,2296,11,-843,2024,7,Jul,3
2024-07-04,Organic Saffron,45,3467,West,Wholesale,684,9,2783,2024,7,Jul,3
2024-07-05,Saffron Threads,7,4093,East,Wholesale,779,12,3314,2024,7,Jul,3
2024-07-06,Organic Saffron,17,1837,West,Wholesale,852,18,985,2024,7,Jul,3
2024-07-07,Saffron Powder,6,2467,West,Wholesale,1763,9,704,2024,7,Jul,3
2024-07-08,Saffron Threads,11,3546,East,Retail,743,6,2803,2024,7,Jul,3
2024-07-09,Saffron Powder,17,4719,North,Wholesale,2699,6,2020,2024,7,Jul,3
2024-07-10,Organic Saffron,12,4108,East,Retail,2862,6,1246,2024,7,Jul,3
2024-07-11,Saffron Threads,41,2452,North,Retail,413,2,2039,2024,7,Jul,3
2024-07-12,Premium Saffron,13,4465,South,Retail,638,16,3827,2024,7,Jul,3
2024-07-13,Organic Saffron,27,524,West,Retail,385,19,139,2024,7,Jul,3
2024-07-14,Premium Saffron,25,3484,South,Wholesale,1182,14,2302,2024,7,Jul,3
2024-07-15,Saffron Threads,22,3105,East,Retail,1460,1,1645,2024,7,Jul,3
2024-07-16,Organic Saffron,25,4889,North,Retail,828,14,4061,2024,7,Jul,3
2024-07-17,Saffron Threads,33,4448,East,Retail,2829,9,1619,2024,7,Jul,3
2024-07-18,Premium Saffron,37,2960,East,Wholesale,561,1,2399,2024,7,Jul,3
2024-07-19,Organic Saffron,6,2098,South,Retail,1841,15,257,2024,7,Jul,3
2024-07-20,Premium Saffron,17,871,West,Retail,2343,7,-1472,2024,7,Jul,3
2024-07-21,Saffron Threads,20,2906,North,Retail,1344,5,1562,2024,7,Jul,3
2024-07-22,Premium Saffron,22,893,West,Retail,660,14,233,2024,7,Jul,3
2024-07-23,Saffron Powder,27,1248,North,Wholesale,2514,8,-1266,2024,7,Jul,3
2024-07-24,Saffron Powder,39,1020,East,Retail,1691,3,-671,2024,7,Jul,3
2024-07-25,Premium Saffron,28,2930,East,Wholesale,843,11,2087,2024,7,Jul,3
2024-07-26,Premium Saffron,24,1249,West,Retail,1064,1,185,2024,7,Jul,3
2024-07-27,Saffron Powder,35,3667,South,Retail,1165,8,2502,2024,7,Jul,3
2024-07-28,Premium Saffron,45,2500,East,Retail,2212,1,288,2024,7,Jul,3
2024-07-29,Premium Saffron,42,1186,West,Retail,2452,5,-1266,2024,7,Jul,3
2024-07-30,Saffron Powder,41,1257,South,Wholesale,1513,0,-256,2024,7,Jul,3
2024-07-31,Premium Saffron,46,4137,South,Wholesale,1550,3,2587,2024,7,Jul,3
2024-08-01,Saffron Powder,40,2948,South,Wholesale,1693,15,1255,2024,8,Aug,3
2024-08-02,Saffron Threads,25,2081,East,Wholesale,1972,0,109,2024,8,Aug,3
2024-08-03,Saffron Threads,8,2756,South,Wholesale,1810,10,946,2024,8,Aug,3
2024-08-04,Saffron Powder,7,593,East,Wholesale,250,19,343,2024,8,Aug,3
2024-08-05,Premium Saffron,35,4231,West,Wholesale,2741,19,1490,2024,8,Aug,3
2024-08-06,Saffron Powder,38,4778,North,Wholesale,2702,0,2076,2024,8,Aug,3
2024-08-07,Organic Saffron,43,3394,South,Wholesale,277,3,3117,2024,8,Aug,3
2024-08-08,Saffron Powder,12,3661,East,Retail,2441,8,1220,2024,8,Aug,3
2024-08-09,Saffron Threads,36,4201,North,Retail,2675,6,1526,2024,8,Aug,3
2024-08-10,Saffron Powder,22,3348,East,Wholesale,790,16,2558,2024,8,Aug,3
2024-08-11,Saffron Powder,38,2224,West,Wholesale,664,14,1560,2024,8,Aug,3
2024-08-12,Saffron Powder,48,3985,South,Wholesale,682,7,3303,2024,8,Aug,3
2024-08-13,Saffron Powder,43,905,South,Retail,1316,14,-411,2024,8,Aug,3
2024-08-14,Saffron Powder,25,2021,South,Retail,1896,0,125,2024,8,Aug,3
2024-08-15,Saffron Threads,4,707,South,Retail,466,16,241,2024,8,Aug,3
2024-08-16,Premium Saffron,17,1132,North,Retail,2734,2,-1602,2024,8,Aug,3
2024-08-17,Organic Saffron,6,3789,West,Retail,1212,18,2577,2024,8,Aug,3
2024-08-18,Organic Saffron,47,2091,South,Wholesale,378,0,1713,2024,8,Aug,3
2024-08-19,Organic Saffron,32,1649,East,Wholesale,1625,0,24,2024,8,Aug,3
2024-08-20,Saffron Powder,30,4529,North,Wholesale,1531,10,2998,2024,8,Aug,3
2024-08-21,Premium Saffron,6,4078,North,Retail,1050,7,3028,2024,8,Aug,3
2024-08-22,Saffron Powder,49,2378,East,Wholesale,939,19,1439,2024,8,Aug,3
2024-08-23,Saffron Powder,15,511,South,Wholesale,936,8,-425,2024,8,Aug,3
2024-08-24,Premium Saffron,43,4187,West,Retail,2900,13,1287,2024,8,Aug,3
2024-08-25,Saffron Threads,15,1314,East,Retail,1836,17,-522,2024,8,Aug,3
2024-08-26,Premium Saffron,29,4816,North,Wholesale,2133,7,2683,2024,8,Aug,3
2024-08-27,Organic Saffron,22,4774,East,Retail,2832,18,1942,2024,8,Aug,3
2024-08-28,Premium Saffron,2,2778,East,Retail,2085,8,693,2024,8,Aug,3
2024-08-29,Saffron Threads,47,2220,North,Wholesale,2936,11,-716,2024,8,Aug,3
2024-08-30,Premium Saffron,5,1103,East,Retail,2858,11,-1755,2024,8,Aug,3
2024-08-31,Organic Saffron,47,4890,North,Wholesale,2150,9,2740,2024,8,Aug,3
2024-09-01,Saffron Threads,37,731,North,Retail,2695,19,-1964,2024,9,Sep,3
2024-09-02,Saffron Powder,25,4333,West,Wholesale,1459,15,2874,2024,9,Sep,3
2024-09-03,Premium Saffron,23,1781,East,Wholesale,1525,1,256,2024,9,Sep,3
2024-09-04,Saffron Threads,12,828,South,Wholesale,1767,6,-939,2024,9,Sep,3
2024-09-05,Saffron Powder,4,4014,North,Wholesale,2039,3,1975,2024,9,Sep,3
2024-09-06,Saffron Powder,47,4953,West,Retail,2583,13,2370,2024,9,Sep,3
2024-09-07,Saffron Threads,13,4726,South,Retail,845,7,3881,2024,9,Sep,3
2024-09-08,Premium Saffron,29,2133,West,Wholesale,1793,7,340,2024,9,Sep,3
2024-09-09,Saffron Threads,31,1697,East,Wholesale,2643,19,-946,2024,9,Sep,3
2024-09-10,Premium Saffron,33,3687,South,Wholesale,2179,15,1508,2024,9,Sep,3
2024-09-11,Organic Saffron,1,1274,East,Retail,819,12,455,2024,9,Sep,3
2024-09-12,Premium Saffron,32,583,North,Retail,371,3,212,2024,9,Sep,3
2024-09-13,Organic Saffron,21,2677,North,Wholesale,984,15,1693,2024,9,Sep,3
2024-09-14,Saffron Threads,35,986,North,Retail,2296,3,-1310,2024,9,Sep,3
2024-09-15,Organic Saffron,36,2106,West,Retail,1075,2,1031,2024,9,Sep,3
2024-09-16,Saffron Threads,41,1749,North,Wholesale,1702,4,47,2024,9,Sep,3
2024-09-17,Saffron Powder,8,2612,South,Retail,1471,11,1141,2024,9,Sep,3
2024-09-18,Organic Saffron,48,4819,South,Wholesale,905,5,3914,2024,9,Sep,3
2024-09-19,Saffron Threads,35,2894,West,Wholesale,940,0,1954,2024,9,Sep,3
2024-09-20,Saffron Threads,47,2219,South,Retail,263,13,1956,2024,9,Sep,3
2024-09-21,Organic Saffron,41,847,West,Wholesale,2927,0,-2080,2024,9,Sep,3
2024-09-22,Saffron Threads,46,2324,East,Retail,2458,1,-134,2024,9,Sep,3
2024-09-23,Saffron Powder,42,3132,West,Wholesale,1427,19,1705,2024,9,Sep,3
2024-09-24,Premium Saffron,15,1830,North,Retail,916,2,914,2024,9,Sep,3
2024-09-25,Saffron Powder,1,1754,South,Retail,2473,15,-719,2024,9,Sep,3
2024-09-26,Organic Saffron,27,4124,North,Retail,648,10,3476,2024,9,Sep,3
2024-09-27,Premium Saffron,30,1198,North,Retail,1117,8,81,2024,9,Sep,3
2024-09-28,Saffron Threads,43,532,North,Retail,2461,6,-1929,2024,9,Sep,3
2024-09-29,Organic Saffron,4,1707,East,Wholesale,277,2,1430,2024,9,Sep,3
2024-09-30,Saffron Powder,27,1476,East,Wholesale,827,12,649,2024,9,Sep,3
2024-10-01,Premium Saffron,46,2172,North,Retail,444,3,1728,2024,10,Oct,4
2024-10-02,Saffron Threads,24,3803,East,Wholesale,869,18,2934,2024,10,Oct,4
2024-10-03,Premium Saffron,37,3599,South,Wholesale,1035,2,2564,2024,10,Oct,4
2024-10-04,Saffron Powder,38,3152,West,Retail,2076,5,1076,2024,10,Oct,4
2024-10-05,Saffron Threads,25,3547,West,Retail,1548,14,1999,2024,10,Oct,4
2024-10-06,Organic Saffron,29,1340,East,Retail,403,8,937,2024,10,Oct,4
2024-10-07,Organic Saffron,29,2471,North,Wholesale,1944,15,527,2024,10,Oct,4
2024-10-08,Premium Saffron,30,2575,East,Wholesale,1485,3,1090,2024,10,Oct,4
2024-10-09,Premium Saffron,33,2989,South,Retail,1213,12,1776,2024,10,Oct,4
2024-10-10,Organic Saffron,34,2780,West,Retail,2573,5,207,2024,10,Oct,4
2024-10-11,Saffron Powder,40,795,East,Retail,2597,1,-1802,2024,10,Oct,4
2024-10-12,Saffron Threads,14,2472,North,Retail,691,9,1781,2024,10,Oct,4
2024-10-13,Organic Saffron,39,1491,South,Wholesale,929,9,562,2024,10,Oct,4
2024-10-14,Premium Saffron,2,1190,South,Wholesale,2879,7,-1689,2024,10,Oct,4
2024-10-15,Premium Saffron,30,4562,North,Wholesale,2886,16,1676,2024,10,Oct,4
2024-10-16,Saffron Powder,15,4581,South,Retail,906,12,3675,2024,10,Oct,4
2024-10-17,Saffron Powder,38,4766,West,Retail,2628,7,2138,2024,10,Oct,4
2024-10-18,Premium Saffron,33,638,North,Retail,523,14,115,2024,10,Oct,4
2024-10-19,Organic Saffron,6,2801,North,Wholesale,2713,9,88,2024,10,Oct,4
2024-10-20,Saffron Powder,4,555,West,Retail,2553,8,-1998,2024,10,Oct,4
2024-10-21,Saffron Powder,40,4986,West,Retail,2499,6,2487,2024,10,Oct,4
2024-10-22,Saffron Threads,1,1128,East,Retail,1032,14,96,2024,10,Oct,4
2024-10-23,Saffron Threads,13,3986,South,Retail,1738,13,2248,2024,10,Oct,4
2024-10-24,Saffron Powder,1,4785,South,Retail,2701,17,2084,2024,10,Oct,4
2024-10-25,Organic Saffron,3,910,West,Wholesale,2853,13,-1943,2024,10,Oct,4
2024-10-26,Organic Saffron,11,4521,South,Wholesale,1463,1,3058,2024,10,Oct,4
2024-10-27,Saffron Powder,25,4818,North,Retail,1158,8,3660,2024,10,Oct,4
2024-10-28,Saffron Threads,37,2507,East,Wholesale,2895,16,-388,2024,10,Oct,4
2024-10-29,Organic Saffron,1,4061,North,Retail,345,1,3716,2024,10,Oct,4
2024-10-30,Saffron Threads,47,3557,West,Wholesale,621,7,2936,2024,10,Oct,4
2024-10-31,Organic Saffron,15,923,North,Wholesale,381,8,542,2024,10,Oct,4
2024-11-01,Organic Saffron,19,2189,North,Wholesale,1397,5,792,2024,11,Nov,4
2024-11-02,Saffron Powder,3,3149,South,Retail,2020,2,1129,2024,11,Nov,4
2024-11-03,Organic Saffron,26,3165,North,Wholesale,2700,9,465,2024,11,Nov,4
2024-11-04,Premium Saffron,41,3313,North,Retail,998,16,2315,2024,11,Nov,4
2024-11-05,Saffron Powder,41,2126,South,Retail,1920,12,206,2024,11,Nov,4
2024-11-06,Organic Saffron,4,3022,West,Wholesale,1842,5,1180,2024,11,Nov,4
2024-11-07,Organic Saffron,40,3647,South,Retail,1694,16,1953,2024,11,Nov,4
2024-11-08,Organic Saffron,27,1567,West,Wholesale,2167,4,-600,2024,11,Nov,4
2024-11-09,Saffron Threads,4,2829,North,Wholesale,2288,3,541,2024,11,Nov,4
2024-11-10,Saffron Powder,17,1275,West,Retail,2042,4,-767,2024,11,Nov,4
2024-11-11,Organic Saffron,17,3526,South,Retail,1001,12,2525,2024,11,Nov,4
2024-11-12,Organic Saffron,34,2180,North,Retail,2231,13,-51,2024,11,Nov,4
2024-11-13,Saffron Powder,34,3055,East,Retail,914,2,2141,2024,11,Nov,4
2024-11-14,Saffron Powder,27,1407,North,Retail,2660,14,-1253,2024,11,Nov,4
2024-11-15,Saffron Powder,39,1114,South,Retail,765,4,349,2024,11,Nov,4
2024-11-16,Premium Saffron,33,4889,West,Retail,1494,4,3395,2024,11,Nov,4
2024-11-17,Organic Saffron,9,3530,North,Retail,2652,7,878,2024,11,Nov,4
2024-11-18,Organic Saffron,40,2625,East,Retail,1502,4,1123,2024,11,Nov,4
2024-11-19,Saffron Threads,9,2058,South,Retail,1172,1,886,2024,11,Nov,4
2024-11-20,Saffron Powder,15,2538,East,Wholesale,1641,19,897,2024,11,Nov,4
2024-11-21,Organic Saffron,39,1801,West,Wholesale,1565,16,236,2024,11,Nov,4
2024-11-22,Saffron Threads,8,2191,South,Wholesale,234,15,1957,2024,11,Nov,4
2024-11-23,Saffron Threads,15,1355,West,Wholesale,889,6,466,2024,11,Nov,4
2024-11-24,Premium Saffron,4,635,South,Wholesale,2485,18,-1850,2024,11,Nov,4
2024-11-25,Organic Saffron,3,1950,West,Retail,1409,8,541,2024,11,Nov,4
2024-11-26,Saffron Threads,27,967,North,Wholesale,1187,11,-220,2024,11,Nov,4
2024-11-27,Organic Saffron,12,1353,West,Wholesale,811,12,542,2024,11,Nov,4
2024-11-28,Organic Saffron,20,2803,West,Retail,2714,14,89,2024,11,Nov,4
2024-11-29,Organic Saffron,16,4541,North,Wholesale,1951,2,2590,2024,11,Nov,4
2024-11-30,Organic Saffron,5,1316,South,Wholesale,1268,7,48,2024,11,Nov,4
2024-12-01,Premium Saffron,29,2385,North,Retail,1090,13,1295,2024,12,Dec,4
2024-12-02,Saffron Powder,35,4062,West,Retail,2599,15,1463,2024,12,Dec,4
2024-12-03,Saffron Powder,13,3585,East,Retail,2860,7,725,2024,12,Dec,4
2024-12-04,Premium Saffron,43,1256,South,Wholesale,350,1,906,2024,12,Dec,4
2024-12-05,Premium Saffron,9,1905,North,Retail,827,8,1078,2024,12,Dec,4
2024-12-06,Saffron Powder,8,2847,East,Retail,995,9,1852,2024,12,Dec,4
2024-12-07,Saffron Threads,18,2229,West,Retail,1541,12,688,2024,12,Dec,4
2024-12-08,Saffron Threads,38,3656,East,Retail,649,3,3007,2024,12,Dec,4
2024-12-09,Saffron Threads,9,715,West,Retail,2466,4,-1751,2024,12,Dec,4
2024-12-10,Saffron Powder,19,3543,West,Wholesale,1602,3,1941,2024,12,Dec,4
2024-12-11,Saffron Threads,28,1619,South,Retail,1315,7,304,2024,12,Dec,4
2024-12-12,Saffron Powder,5,3013,South,Wholesale,737,19,2276,2024,12,Dec,4
2024-12-13,Saffron Threads,3,3962,South,Wholesale,1225,2,2737,2024,12,Dec,4
2024-12-14,Premium Saffron,5,1560,West,Retail,1329,14,231,2024,12,Dec,4
2024-12-15,Saffron Powder,21,3490,East,Retail,1146,17,2344,2024,12,Dec,4
2024-12-16,Saffron Powder,44,1512,West,Retail,2102,9,-590,2024,12,Dec,4
2024-12-17,Organic Saffron,48,2919,South,Wholesale,2981,2,-62,2024,12,Dec,4
2024-12-18,Organic Saffron,35,714,West,Retail,918,4,-204,2024,12,Dec,4
2024-12-19,Premium Saffron,17,1448,West,Wholesale,2416,14,-968,2024,12,Dec,4
2024-12-20,Premium Saffron,6,698,East,Retail,1934,8,-1236,2024,12,Dec,4
2024-12-21,Organic Saffron,41,2195,West,Retail,2904,7,-709,2024,12,Dec,4
2024-12-22,Organic Saffron,23,713,North,Wholesale,495,6,218,2024,12,Dec,4
2024-12-23,Saffron Powder,42,1145,East,Wholesale,1664,4,-519,2024,12,Dec,4
2024-12-24,Organic Saffron,27,3804,West,Retail,2035,8,1769,2024,12,Dec,4
2024-12-25,Organic Saffron,9,2433,West,Wholesale,709,3,1724,2024,12,Dec,4
2024-12-26,Saffron Powder,24,4338,North,Retail,924,19,3414,2024,12,Dec,4
2024-12-27,Saffron Threads,35,2449,West,Retail,2795,0,-346,2024,12,Dec,4
2024-12-28,Saffron Powder,13,3979,West,Wholesale,294,12,3685,2024,12,Dec,4
2024-12-29,Saffron Threads,47,2967,East,Retail,2932,10,35,2024,12,Dec,4
2024-12-30,Saffron Threads,22,4663,North,Retail,1910,14,2753,2024,12,Dec,4
2024-12-31,Saffron Threads,32,725,West,Wholesale,1945,1,-1220,2024,12,Dec,4
2025-01-01,Premium Saffron,44,3097,South,Retail,1844,12,1253,2025,1,Jan,1
2025-01-02,Saffron Threads,25,2223,North,Wholesale,1918,11,305,2025,1,Jan,1
2025-01-03,Saffron Powder,8,1822,East,Wholesale,1338,5,484,2025,1,Jan,1
2025-01-04,Premium Saffron,26,3852,West,Retail,918,5,2934,2025,1,Jan,1
2025-01-05,Organic Saffron,32,2821,South,Retail,2383,16,438,2025,1,Jan,1
2025-01-06,Organic Saffron,6,4948,South,Wholesale,2424,16,2524,2025,1,Jan,1
2025-01-07,Saffron Powder,34,4388,East,Wholesale,1069,0,3319,2025,1,Jan,1
2025-01-08,Premium Saffron,28,847,North,Retail,2320,10,-1473,2025,1,Jan,1
2025-01-09,Saffron Threads,33,3882,North,Retail,812,4,3070,2025,1,Jan,1
2025-01-10,Saffron Threads,36,583,East,Wholesale,267,3,316,2025,1,Jan,1
2025-01-11,Saffron Threads,29,897,South,Wholesale,1685,17,-788,2025,1,Jan,1
2025-01-12,Organic Saffron,1,1890,East,Wholesale,2451,1,-561,2025,1,Jan,1
2025-01-13,Saffron Powder,28,1156,North,Wholesale,2222,5,-1066,2025,1,Jan,1
2025-01-14,Saffron Threads,44,1562,South,Wholesale,324,2,1238,2025,1,Jan,1
2025-01-15,Saffron Threads,46,597,East,Wholesale,1659,14,-1062,2025,1,Jan,1
2025-01-16,Organic Saffron,29,2509,North,Retail,1943,3,566,2025,1,Jan,1
2025-01-17,Saffron Powder,18,2017,East,Wholesale,2188,13,-171,2025,1,Jan,1
2025-01-18,Premium Saffron,42,2064,North,Wholesale,1860,18,204,2025,1,Jan,1
2025-01-19,Premium Saffron,15,3736,North,Wholesale,1764,16,1972,2025,1,Jan,1
2025-01-20,Saffron Powder,4,1837,West,Retail,1058,4,779,2025,1,Jan,1
2025-01-21,Premium Saffron,18,4904,West,Retail,2252,7,2652,2025,1,Jan,1
2025-01-22,Saffron Powder,6,3724,North,Wholesale,772,11,2952,2025,1,Jan,1
2025-01-23,Organic Saffron,4,943,West,Wholesale,1721,17,-778,2025,1,Jan,1
2025-01-24,Organic Saffron,46,4764,South,Wholesale,1866,5,2898,2025,1,Jan,1
2025-01-25,Organic Saffron,30,3172,South,Retail,590,12,2582,2025,1,Jan,1
2025-01-26,Saffron Threads,27,2027,East,Retail,2010,11,17,2025,1,Jan,1
2025-01-27,Saffron Powder,29,1725,West,Wholesale,400,16,1325,2025,1,Jan,1
2025-01-28,Organic Saffron,48,2429,West,Retail,631,16,1798,2025,1,Jan,1
2025-01-29,Organic Saffron,4,4551,South,Wholesale,895,2,3656,2025,1,Jan,1
2025-01-30,Saffron Powder,39,2630,North,Wholesale,1744,1,886,2025,1,Jan,1
2025-01-31,Saffron Powder,39,2294,East,Wholesale,2421,4,-127,2025,1,Jan,1
2025-02-01,Saffron Powder,15,2043,North,Retail,1409,17,634,2025,2,Feb,1
2025-02-02,Organic Saffron,3,891,East,Retail,1495,17,-604,2025,2,Feb,1
2025-02-03,Saffron Powder,4,700,East,Wholesale,2308,18,-1608,2025,2,Feb,1
2025-02-04,Saffron Threads,12,3887,West,Wholesale,2989,15,898,2025,2,Feb,1
2025-02-05,Saffron Threads,16,961,South,Wholesale,216,5,745,2025,2,Feb,1
2025-02-06,Saffron Threads,1,3812,West,Wholesale,611,15,3201,2025,2,Feb,1
2025-02-07,Saffron Powder,46,822,West,Retail,675,17,147,2025,2,Feb,1
2025-02-08,Saffron Powder,16,4179,South,Wholesale,274,15,3905,2025,2,Feb,1
2025-02-09,Saffron Powder,49,2384,North,Retail,2239,1,145,2025,2,Feb,1
2025-02-10,Saffron Powder,31,2372,South,Retail,886,5,1486,2025,2,Feb,1
2025-02-11,Saffron Powder,36,4112,South,Wholesale,1481,19,2631,2025,2,Feb,1
2025-02-12,Organic Saffron,48,2713,West,Wholesale,2694,15,19,2025,2,Feb,1
2025-02-13,Organic Saffron,41,2905,South,Retail,1097,15,1808,2025,2,Feb,1
2025-02-14,Organic Saffron,2,2534,South,Retail,911,18,1623,2025,2,Feb,1
2025-02-15,Saffron Threads,41,1260,South,Retail,1645,4,-385,2025,2,Feb,1
2025-02-16,Organic Saffron,14,3716,South,Wholesale,1944,18,1772,2025,2,Feb,1
2025-02-17,Saffron Threads,16,2025,South,Retail,238,7,1787,2025,2,Feb,1
2025-02-18,Organic Saffron,17,2390,West,Retail,1769,5,621,2025,2,Feb,1
2025-02-19,Premium Saffron,9,4939,East,Retail,213,2,4726,2025,2,Feb,1
2025-02-20,Saffron Powder,49,3850,West,Wholesale,2634,16,1216,2025,2,Feb,1
2025-02-21,Organic Saffron,33,2383,North,Wholesale,762,15,1621,2025,2,Feb,1
2025-02-22,Organic Saffron,4,2641,West,Wholesale,2263,17,378,2025,2,Feb,1
2025-02-23,Premium Saffron,31,4712,West,Retail,594,7,4118,2025,2,Feb,1
2025-02-24,Premium Saffron,11,1280,South,Wholesale,2510,19,-1230,2025,2,Feb,1
2025-02-25,Saffron Threads,33,796,North,Retail,2458,7,-1662,2025,2,Feb,1
2025-02-26,Saffron Threads,40,3880,South,Wholesale,1445,4,2435,2025,2,Feb,1
2025-02-27,Saffron Threads,15,2744,West,Retail,404,4,2340,2025,2,Feb,1
2025-02-28,Premium Saffron,15,4926,East,Wholesale,2885,2,2041,2025,2,Feb,1
2025-03-01,Organic Saffron,35,4404,South,Retail,633,10,3771,2025,3,Mar,1
2025-03-02,Saffron Threads,48,3335,North,Wholesale,2081,7,1254,2025,3,Mar,1
2025-03-03,Premium Saffron,10,1546,West,Retail,2848,15,-1302,2025,3,Mar,1
2025-03-04,Saffron Powder,46,4707,East,Retail,793,17,3914,2025,3,Mar,1
2025-03-05,Organic Saffron,36,1809,West,Wholesale,364,12,1445,2025,3,Mar,1
2025-03-06,Saffron Powder,10,2543,North,Retail,1792,7,751,2025,3,Mar,1
2025-03-07,Saffron Powder,40,4589,South,Wholesale,2743,3,1846,2025,3,Mar,1
2025-03-08,Saffron Threads,45,507,West,Wholesale,806,10,-299,2025,3,Mar,1
2025-03-09,Saffron Threads,15,2601,East,Retail,536,5,2065,2025,3,Mar,1
2025-03-10,Saffron Powder,26,4499,West,Retail,1448,8,3051,2025,3,Mar,1
2025-03-11,Saffron Threads,39,2630,East,Retail,1909,10,721,2025,3,Mar,1
2025-03-12,Saffron Powder,41,3778,West,Wholesale,1708,6,2070,2025,3,Mar,1
2025-03-13,Organic Saffron,39,2931,West,Retail,2101,0,830,2025,3,Mar,1
2025-03-14,Premium Saffron,7,1241,South,Wholesale,653,10,588,2025,3,Mar,1
2025-03-15,Premium Saffron,48,625,West,Wholesale,1769,8,-1144,2025,3,Mar,1
2025-03-16,Premium Saffron,2,612,East,Wholesale,1155,8,-543,2025,3,Mar,1
2025-03-17,Saffron Powder,36,4633,North,Wholesale,1256,10,3377,2025,3,Mar,1
2025-03-18,Premium Saffron,3,1830,North,Wholesale,1636,6,194,2025,3,Mar,1
2025-03-19,Organic Saffron,22,578,North,Retail,2426,12,-1848,2025,3,Mar,1
2025-03-20,Saffron Powder,14,1665,West,Retail,2846,2,-1181,2025,3,Mar,1
2025-03-21,Premium Saffron,2,4481,North,Wholesale,1148,15,3333,2025,3,Mar,1
2025-03-22,Saffron Threads,17,3616,North,Retail,1983,7,1633,2025,3,Mar,1
2025-03-23,Premium Saffron,1,3730,South,Retail,1762,18,1968,2025,3,Mar,1
2025-03-24,Saffron Powder,41,2630,East,Wholesale,1839,11,791,2025,3,Mar,1
2025-03-25,Saffron Powder,15,2540,East,Wholesale,2998,2,-458,2025,3,Mar,1
2025-03-26,Premium Saffron,12,4405,North,Retail,594,14,3811,2025,3,Mar,1
2025-03-27,Saffron Powder,46,626,West,Wholesale,2093,0,-1467,2025,3,Mar,1
2025-03-28,Saffron Threads,44,3981,East,Retail,1492,12,2489,2025,3,Mar,1
2025-03-29,Saffron Threads,29,1624,West,Retail,916,12,708,2025,3,Mar,1
2025-03-30,Premium Saffron,12,3561,East,Wholesale,1430,0,2131,2025,3,Mar,1
2025-03-31,Premium Saffron,39,1287,East,Retail,2643,11,-1356,2025,3,Mar,1
2025-04-01,Saffron Powder,26,1889,East,Wholesale,759,16,1130,2025,4,Apr,2
2025-04-02,Premium Saffron,43,895,South,Retail,1687,10,-792,2025,4,Apr,2
2025-04-03,Saffron Threads,34,4403,West,Retail,1552,15,2851,2025,4,Apr,2
2025-04-04,Premium Saffron,19,3975,South,Retail,2263,19,1712,2025,4,Apr,2
2025-04-05,Organic Saffron,47,2759,North,Retail,1977,2,782,2025,4,Apr,2
2025-04-06,Saffron Powder,46,1743,East,Retail,2736,10,-993,2025,4,Apr,2
2025-04-07,Organic Saffron,31,1203,North,Retail,2631,16,-1428,2025,4,Apr,2
2025-04-08,Premium Saffron,28,1162,North,Wholesale,1850,1,-688,2025,4,Apr,2
2025-04-09,Premium Saffron,49,3021,South,Wholesale,2363,2,658,2025,4,Apr,2
2025-04-10,Saffron Powder,36,3339,East,Wholesale,645,12,2694,2025,4,Apr,2
2025-04-11,Saffron Powder,14,4583,East,Wholesale,2155,15,2428,2025,4,Apr,2
2025-04-12,Premium Saffron,37,1200,North,Wholesale,569,2,631,2025,4,Apr,2
2025-04-13,Premium Saffron,40,1470,North,Retail,621,16,849,2025,4,Apr,2
2025-04-14,Organic Saffron,10,3717,West,Wholesale,808,6,2909,2025,4,Apr,2
2025-04-15,Premium Saffron,16,4938,West,Wholesale,767,5,4171,2025,4,Apr,2
2025-04-16,Saffron Threads,25,2737,East,Retail,2081,11,656,2025,4,Apr,2
2025-04-17,Organic Saffron,37,2900,East,Wholesale,2563,7,337,2025,4,Apr,2
2025-04-18,Saffron Powder,39,4054,South,Wholesale,2316,4,1738,2025,4,Apr,2
2025-04-19,Saffron Powder,40,2537,North,Retail,1849,4,688,2025,4,Apr,2
2025-04-20,Premium Saffron,13,927,South,Retail,1380,10,-453,2025,4,Apr,2
2025-04-21,Organic Saffron,20,4746,North,Retail,1738,8,3008,2025,4,Apr,2
2025-04-22,Organic Saffron,38,780,East,Wholesale,1236,12,-456,2025,4,Apr,2
2025-04-23,Saffron Powder,5,1796,South,Retail,1601,14,195,2025,4,Apr,2
2025-04-24,Premium Saffron,3,2879,South,Wholesale,1264,1,1615,2025,4,Apr,2
2025-04-25,Saffron Powder,34,2633,East,Wholesale,2098,9,535,2025,4,Apr,2
2025-04-26,Premium Saffron,3,4422,East,Retail,2166,11,2256,2025,4,Apr,2
2025-04-27,Saffron Powder,34,3462,East,Retail,2607,15,855,2025,4,Apr,2
2025-04-28,Premium Saffron,20,2644,East,Retail,2422,12,222,2025,4,Apr,2
2025-04-29,Saffron Powder,21,3318,North,Wholesale,1307,19,2011,2025,4,Apr,2
2025-04-30,Organic Saffron,23,1208,West,Retail,2378,13,-1170,2025,4,Apr,2
2025-05-01,Premium Saffron,41,4927,West,Wholesale,2044,7,2883,2025,5,May,2
2025-05-02,Organic Saffron,33,4419,East,Wholesale,2091,18,2328,2025,5,May,2
2025-05-03,Saffron Powder,39,2920,East,Retail,1540,3,1380,2025,5,May,2
2025-05-04,Saffron Powder,27,1592,East,Wholesale,1616,12,-24,2025,5,May,2
2025-05-05,Organic Saffron,16,4344,North,Retail,1347,14,2997,2025,5,May,2
2025-05-06,Premium Saffron,21,1439,East,Retail,1630,4,-191,2025,5,May,2
2025-05-07,Premium Saffron,9,3091,North,Wholesale,1127,6,1964,2025,5,May,2
2025-05-08,Premium Saffron,37,4519,East,Wholesale,1853,1,2666,2025,5,May,2
2025-05-09,Saffron Powder,28,2575,South,Wholesale,1764,12,811,2025,5,May,2
2025-05-10,Saffron Powder,14,1384,East,Retail,907,3,477,2025,5,May,2
2025-05-11,Premium Saffron,33,3295,West,Retail,1768,9,1527,2025,5,May,2
2025-05-12,Organic Saffron,7,2485,East,Wholesale,2922,9,-437,2025,5,May,2
2025-05-13,Organic Saffron,31,4096,West,Retail,2520,16,1576,2025,5,May,2
2025-05-14,Organic Saffron,44,4442,South,Wholesale,483,1,3959,2025,5,May,2
2025-05-15,Saffron Powder,11,1899,South,Retail,1119,12,780,2025,5,May,2
2025-05-16,Saffron Powder,35,2874,North,Wholesale,1735,0,1139,2025,5,May,2
2025-05-17,Premium Saffron,41,4593,North,Wholesale,1191,13,3402,2025,5,May,2
2025-05-18,Premium Saffron,25,4836,East,Retail,1149,11,3687,2025,5,May,2
2025-05-19,Organic Saffron,18,2020,North,Wholesale,796,9,1224,2025,5,May,2
2025-05-20,Saffron Powder,12,840,North,Retail,2562,2,-1722,2025,5,May,2
2025-05-21,Organic Saffron,15,3338,East,Wholesale,1647,7,1691,2025,5,May,2
2025-05-22,Saffron Powder,45,4871,West,Wholesale,1000,4,3871,2025,5,May,2
2025-05-23,Organic Saffron,25,2689,East,Retail,380,18,2309,2025,5,May,2
2025-05-24,Saffron Powder,2,2488,West,Wholesale,1875,10,613,2025,5,May,2
2025-05-25,Saffron Threads,21,4397,North,Wholesale,831,18,3566,2025,5,May,2
2025-05-26,Saffron Powder,13,1963,South,Wholesale,1101,1,862,2025,5,May,2
2025-05-27,Organic Saffron,43,4986,East,Retail,2145,15,2841,2025,5,May,2
2025-05-28,Saffron Powder,39,3528,East,Wholesale,1462,1,2066,2025,5,May,2
2025-05-29,Organic Saffron,34,4063,East,Wholesale,1035,16,3028,2025,5,May,2
2025-05-30,Organic Saffron,41,2521,East,Wholesale,1285,14,1236,2025,5,May,2
2025-05-31,Saffron Powder,25,4396,West,Retail,1582,7,2814,2025,5,May,2
2025-06-01,Premium Saffron,34,3991,West,Retail,1546,13,2445,2025,6,Jun,2
2025-06-02,Saffron Threads,21,4244,East,Retail,2857,11,1387,2025,6,Jun,2
2025-06-03,Saffron Threads,24,937,North,Wholesale,370,19,567,2025,6,Jun,2
2025-06-04,Premium Saffron,25,3905,South,Wholesale,2730,18,1175,2025,6,Jun,2
2025-06-05,Saffron Threads,7,3705,North,Retail,1936,8,1769,2025,6,Jun,2
2025-06-06,Organic Saffron,17,1003,South,Retail,2008,13,-1005,2025,6,Jun,2
2025-06-07,Organic Saffron,35,2981,North,Retail,1748,16,1233,2025,6,Jun,2
2025-06-08,Saffron Powder,15,1189,North,Retail,496,6,693,2025,6,Jun,2
2025-06-09,Organic Saffron,32,1509,West,Wholesale,656,6,853,2025,6,Jun,2
2025-06-10,Organic Saffron,34,2217,North,Retail,629,17,1588,2025,6,Jun,2
2025-06-11,Organic Saffron,6,1226,East,Wholesale,1064,9,162,2025,6,Jun,2
2025-06-12,Saffron Powder,14,615,North,Retail,337,13,278,2025,6,Jun,2
2025-06-13,Saffron Threads,6,1363,North,Wholesale,2513,8,-1150,2025,6,Jun,2
2025-06-14,Premium Saffron,17,3090,East,Retail,237,19,2853,2025,6,Jun,2
2025-06-15,Premium Saffron,9,2413,North,Retail,1275,3,1138,2025,6,Jun,2
2025-06-16,Organic Saffron,3,1540,East,Wholesale,2410,4,-870,2025,6,Jun,2
2025-06-17,Saffron Threads,8,1197,North,Wholesale,1169,9,28,2025,6,Jun,2
2025-06-18,Premium Saffron,1,4219,South,Retail,2415,5,1804,2025,6,Jun,2
2025-06-19,Organic Saffron,17,3138,West,Retail,1346,2,1792,2025,6,Jun,2
2025-06-20,Saffron Threads,29,1391,West,Retail,2428,19,-1037,2025,6,Jun,2
2025-06-21,Organic Saffron,8,2928,South,Retail,2759,12,169,2025,6,Jun,2
2025-06-22,Saffron Powder,21,3214,East,Wholesale,1677,7,1537,2025,6,Jun,2
2025-06-23,Organic Saffron,45,4482,North,Wholesale,2660,19,1822,2025,6,Jun,2
2025-06-24,Saffron Powder,40,1944,West,Wholesale,1247,13,697,2025,6,Jun,2
2025-06-25,Premium Saffron,20,3348,North,Wholesale,1995,10,1353,2025,6,Jun,2
2025-06-26,Saffron Powder,25,1480,East,Retail,842,14,638,2025,6,Jun,2
2025-06-27,Organic Saffron,4,843,North,Wholesale,2258,6,-1415,2025,6,Jun,2
2025-06-28,Saffron Threads,6,4836,West,Wholesale,210,8,4626,2025,6,Jun,2
2025-06-29,Premium Saffron,36,793,East,Retail,2296,8,-1503,2025,6,Jun,2
2025-06-30,Saffron Threads,31,4995,East,Retail,1456,8,3539,2025,6,Jun,2
2025-07-01,Premium Saffron,42,4660,West,Retail,2241,10,2419,2025,7,Jul,3
2025-07-02,Saffron Powder,28,4606,West,Wholesale,1658,1,2948,2025,7,Jul,3
2025-07-03,Saffron Threads,48,4950,South,Wholesale,640,9,4310,2025,7,Jul,3
2025-07-04,Saffron Threads,20,3171,South,Retail,2721,19,450,2025,7,Jul,3
2025-07-05,Premium Saffron,45,727,West,Wholesale,1551,14,-824,2025,7,Jul,3
2025-07-06,Saffron Threads,28,2368,East,Wholesale,352,18,2016,2025,7,Jul,3
2025-07-07,Premium Saffron,41,3259,North,Retail,2565,1,694,2025,7,Jul,3
2025-07-08,Saffron Threads,34,1217,North,Retail,1460,0,-243,2025,7,Jul,3
2025-07-09,Premium Saffron,32,4842,West,Wholesale,1926,15,2916,2025,7,Jul,3
2025-07-10,Organic Saffron,24,1687,East,Retail,993,3,694,2025,7,Jul,3
2025-07-11,Saffron Powder,36,3474,East,Wholesale,409,19,3065,2025,7,Jul,3
2025-07-12,Premium Saffron,4,3132,North,Retail,800,15,2332,2025,7,Jul,3
2025-07-13,Saffron Threads,34,1567,North,Wholesale,1927,0,-360,2025,7,Jul,3
2025-07-14,Organic Saffron,37,4051,East,Wholesale,1782,15,2269,2025,7,Jul,3
2025-07-15,Saffron Threads,48,1402,South,Retail,2115,0,-713,2025,7,Jul,3
2025-07-16,Saffron Threads,10,2256,South,Retail,2972,9,-716,2025,7,Jul,3
2025-07-17,Premium Saffron,30,3649,South,Retail,921,0,2728,2025,7,Jul,3
2025-07-18,Premium Saffron,30,3941,North,Wholesale,2612,12,1329,2025,7,Jul,3
2025-07-19,Saffron Threads,41,3536,West,Wholesale,1576,11,1960,2025,7,Jul,3
2025-07-20,Saffron Powder,45,1789,East,Retail,1998,16,-209,2025,7,Jul,3
2025-07-21,Organic Saffron,10,1712,North,Retail,1312,8,400,2025,7,Jul,3
2025-07-22,Organic Saffron,24,1520,North,Wholesale,361,8,1159,2025,7,Jul,3
2025-07-23,Saffron Threads,39,2585,North,Wholesale,581,10,2004,2025,7,Jul,3
2025-07-24,Premium Saffron,13,4935,East,Retail,1234,17,3701,2025,7,Jul,3
2025-07-25,Saffron Powder,45,4544,West,Wholesale,2672,11,1872,2025,7,Jul,3
2025-07-26,Premium Saffron,23,4223,South,Retail,1292,5,2931,2025,7,Jul,3
2025-07-27,Saffron Threads,4,2547,East,Wholesale,1117,6,1430,2025,7,Jul,3
2025-07-28,Premium Saffron,16,3044,West,Retail,917,4,2127,2025,7,Jul,3
2025-07-29,Organic Saffron,21,1605,North,Wholesale,867,11,738,2025,7,Jul,3
2025-07-30,Saffron Threads,37,1666,South,Retail,2145,10,-479,2025,7,Jul,3
2025-07-31,Saffron Threads,32,3173,West,Retail,231,10,2942,2025,7,Jul,3
2025-08-01,Premium Saffron,3,1679,South,Wholesale,1224,5,455,2025,8,Aug,3
2025-08-02,Saffron Powder,39,4368,South,Retail,2389,16,1979,2025,8,Aug,3
2025-08-03,Organic Saffron,37,969,North,Retail,2760,0,-1791,2025,8,Aug,3
2025-08-04,Premium Saffron,2,811,West,Retail,498,15,313,2025,8,Aug,3
2025-08-05,Premium Saffron,16,522,North,Retail,760,11,-238,2025,8,Aug,3
2025-08-06,Saffron Threads,38,832,East,Wholesale,1667,13,-835,2025,8,Aug,3
2025-08-07,Organic Saffron,43,3399,South,Retail,1872,10,1527,2025,8,Aug,3
2025-08-08,Organic Saffron,9,3103,North,Retail,918,16,2185,2025,8,Aug,3
2025-08-09,Organic Saffron,9,746,South,Retail,1335,15,-589,2025,8,Aug,3
2025-08-10,Saffron Powder,26,1391,East,Retail,2588,11,-1197,2025,8,Aug,3
2025-08-11,Saffron Powder,17,1481,South,Wholesale,320,12,1161,2025,8,Aug,3
2025-08-12,Saffron Threads,4,1806,West,Retail,1572,8,234,2025,8,Aug,3
2025-08-13,Organic Saffron,39,3077,South,Wholesale,376,13,2701,2025,8,Aug,3
2025-08-14,Premium Saffron,8,2262,West,Wholesale,1320,9,942,2025,8,Aug,3
2025-08-15,Saffron Powder,7,3875,North,Retail,573,10,3302,2025,8,Aug,3
2025-08-16,Premium Saffron,15,2823,South,Retail,1792,10,1031,2025,8,Aug,3
2025-08-17,Saffron Powder,22,4797,West,Retail,2362,1,2435,2025,8,Aug,3
2025-08-18,Saffron Powder,14,2874,West,Wholesale,1980,10,894,2025,8,Aug,3
2025-08-19,Organic Saffron,47,887,East,Wholesale,2777,5,-1890,2025,8,Aug,3
2025-08-20,Premium Saffron,22,4627,North,Retail,1796,6,2831,2025,8,Aug,3
2025-08-21,Saffron Threads,1,1293,South,Retail,409,12,884,2025,8,Aug,3
2025-08-22,Organic Saffron,14,1354,South,Wholesale,2520,8,-1166,2025,8,Aug,3
2025-08-23,Premium Saffron,17,2878,North,Retail,1676,2,1202,2025,8,Aug,3
2025-08-24,Saffron Powder,16,1736,East,Retail,2547,17,-811,2025,8,Aug,3
2025-08-25,Organic Saffron,33,4815,North,Wholesale,2710,6,2105,2025,8,Aug,3
2025-08-26,Saffron Threads,16,2627,North,Wholesale,271,1,2356,2025,8,Aug,3
2025-08-27,Premium Saffron,33,1838,East,Retail,1745,9,93,2025,8,Aug,3
2025-08-28,Saffron Threads,35,1696,East,Retail,669,8,1027,2025,8,Aug,3
2025-08-29,Saffron Threads,23,3619,East,Wholesale,1306,13,2313,2025,8,Aug,3
2025-08-30,Organic Saffron,22,4588,East,Wholesale,2801,13,1787,2025,8,Aug,3
2025-08-31,Premium Saffron,8,4566,North,Retail,1542,1,3024,2025,8,Aug,3
2025-09-01,Saffron Powder,25,3634,West,Retail,1975,19,1659,2025,9,Sep,3
2025-09-02,Saffron Powder,46,4091,East,Retail,2029,19,2062,2025,9,Sep,3
2025-09-03,Saffron Threads,20,4645,North,Retail,936,15,3709,2025,9,Sep,3
2025-09-04,Saffron Threads,30,4295,West,Retail,2093,18,2202,2025,9,Sep,3
2025-09-05,Saffron Powder,11,864,North,Retail,1468,7,-604,2025,9,Sep,3
2025-09-06,Organic Saffron,15,694,East,Wholesale,2830,17,-2136,2025,9,Sep,3
2025-09-07,Organic Saffron,28,904,North,Retail,1937,0,-1033,2025,9,Sep,3
2025-09-08,Saffron Threads,28,3168,East,Wholesale,2364,8,804,2025,9,Sep,3
2025-09-09,Saffron Powder,24,4784,South,Wholesale,1491,6,3293,2025,9,Sep,3
2025-09-10,Premium Saffron,44,3807,South,Wholesale,1104,1,2703,2025,9,Sep,3
2025-09-11,Saffron Threads,47,4574,North,Wholesale,1885,9,2689,2025,9,Sep,3
2025-09-12,Saffron Powder,24,3409,South,Wholesale,1643,5,1766,2025,9,Sep,3
2025-09-13,Premium Saffron,3,3155,East,Retail,1384,11,1771,2025,9,Sep,3
2025-09-14,Premium Saffron,22,887,South,Retail,649,11,238,2025,9,Sep,3
2025-09-15,Organic Saffron,2,650,South,Retail,1188,4,-538,2025,9,Sep,3
2025-09-16,Saffron Powder,46,1119,East,Wholesale,2310,3,-1191,2025,9,Sep,3
2025-09-17,Organic Saffron,45,3599,East,Wholesale,1921,0,1678,2025,9,Sep,3
2025-09-18,Organic Saffron,45,4642,East,Retail,1603,19,3039,2025,9,Sep,3
2025-09-19,Saffron Threads,34,1639,South,Retail,276,6,1363,2025,9,Sep,3
2025-09-20,Organic Saffron,47,2670,North,Wholesale,1184,15,1486,2025,9,Sep,3
2025-09-21,Saffron Powder,38,3531,West,Retail,2461,0,1070,2025,9,Sep,3
2025-09-22,Saffron Threads,14,3171,South,Wholesale,1338,14,1833,2025,9,Sep,3
2025-09-23,Organic Saffron,48,2186,South,Wholesale,743,10,1443,2025,9,Sep,3
2025-09-24,Organic Saffron,34,1101,West,Wholesale,1157,8,-56,2025,9,Sep,3
2025-09-25,Saffron Powder,39,3483,East,Retail,2964,4,519,2025,9,Sep,3
2025-09-26,Premium Saffron,31,1292,South,Wholesale,269,12,1023,2025,9,Sep,3
